,awair_device_uuid,awair_mac_address,description,details,device_class,device_id,facilities_tag,gateway_id,location_general,location_specific,receiver,time,value
23630,awair-omni_16052,,,,undefined,70886b1238b9,,c0:98:e5:c0:00:38,UVA,005 Olsson,http-awairlocal-publish,2021-11-30 13:00:10-05:00,504.0
23631,awair-omni_16052,,,,undefined,70886b1238b9,,c0:98:e5:c0:00:38,UVA,005 Olsson,http-awairlocal-publish,2021-11-30 13:00:20-05:00,505.0
23632,awair-omni_16052,,,,undefined,70886b1238b9,,c0:98:e5:c0:00:38,UVA,005 Olsson,http-awairlocal-publish,2021-11-30 13:00:30-05:00,507.0
23633,awair-omni_16052,,,,undefined,70886b1238b9,,c0:98:e5:c0:00:38,UVA,005 Olsson,http-awairlocal-publish,2021-11-30 13:00:40-05:00,509.0
23634,awair-omni_16052,,,,undefined,70886b1238b9,,c0:98:e5:c0:00:38,UVA,005 Olsson,http-awairlocal-publish,2021-11-30 13:00:50-05:00,511.0
23635,awair-omni_16052,,,,undefined,70886b1238b9,,c0:98:e5:c0:00:38,UVA,005 Olsson,http-awairlocal-publish,2021-11-30 13:01:00-05:00,513.0
23636,awair-omni_16052,,,,undefined,70886b1238b9,,c0:98:e5:c0:00:38,UVA,005 Olsson,http-awairlocal-publish,2021-11-30 13:01:10-05:00,517.0
23637,awair-omni_16052,,,,undefined,70886b1238b9,,c0:98:e5:c0:00:38,UVA,005 Olsson,http-awairlocal-publish,2021-11-30 13:01:20-05:00,518.0
23638,awair-omni_16052,,,,undefined,70886b1238b9,,c0:98:e5:c0:00:38,UVA,005 Olsson,http-awairlocal-publish,2021-11-30 13:01:30-05:00,520.0
23639,awair-omni_16052,,,,undefined,70886b1238b9,,c0:98:e5:c0:00:38,UVA,005 Olsson,http-awairlocal-publish,2021-11-30 13:01:40-05:00,521.0
23640,awair-omni_16052,,,,undefined,70886b1238b9,,c0:98:e5:c0:00:38,UVA,005 Olsson,http-awairlocal-publish,2021-11-30 13:01:50-05:00,523.0
23641,awair-omni_16052,,,,undefined,70886b1238b9,,c0:98:e5:c0:00:38,UVA,005 Olsson,http-awairlocal-publish,2021-11-30 13:02:00-05:00,525.0
23642,awair-omni_16052,,,,undefined,70886b1238b9,,c0:98:e5:c0:00:38,UVA,005 Olsson,http-awairlocal-publish,2021-11-30 13:02:10-05:00,527.0
23643,awair-omni_16052,,,,undefined,70886b1238b9,,c0:98:e5:c0:00:38,UVA,005 Olsson,http-awairlocal-publish,2021-11-30 13:02:20-05:00,530.0
23644,awair-omni_16052,,,,undefined,70886b1238b9,,c0:98:e5:c0:00:38,UVA,005 Olsson,http-awairlocal-publish,2021-11-30 13:02:30-05:00,533.0
23645,awair-omni_16052,,,,undefined,70886b1238b9,,c0:98:e5:c0:00:38,UVA,005 Olsson,http-awairlocal-publish,2021-11-30 13:02:40-05:00,535.0
23646,awair-omni_16052,,,,undefined,70886b1238b9,,c0:98:e5:c0:00:38,UVA,005 Olsson,http-awairlocal-publish,2021-11-30 13:02:50-05:00,537.0
23647,awair-omni_16052,,,,undefined,70886b1238b9,,c0:98:e5:c0:00:38,UVA,005 Olsson,http-awairlocal-publish,2021-11-30 13:03:00-05:00,540.0
23648,awair-omni_16052,,,,undefined,70886b1238b9,,c0:98:e5:c0:00:38,UVA,005 Olsson,http-awairlocal-publish,2021-11-30 13:03:10-05:00,543.0
23649,awair-omni_16052,,,,undefined,70886b1238b9,,c0:98:e5:c0:00:38,UVA,005 Olsson,http-awairlocal-publish,2021-11-30 13:03:20-05:00,547.0
23650,awair-omni_16052,,,,undefined,70886b1238b9,,c0:98:e5:c0:00:38,UVA,005 Olsson,http-awairlocal-publish,2021-11-30 13:03:30-05:00,551.0
23651,awair-omni_16052,,,,undefined,70886b1238b9,,c0:98:e5:c0:00:38,UVA,005 Olsson,http-awairlocal-publish,2021-11-30 13:03:40-05:00,554.0
23652,awair-omni_16052,,,,undefined,70886b1238b9,,c0:98:e5:c0:00:38,UVA,005 Olsson,http-awairlocal-publish,2021-11-30 13:03:50-05:00,557.0
23653,awair-omni_16052,,,,undefined,70886b1238b9,,c0:98:e5:c0:00:38,UVA,005 Olsson,http-awairlocal-publish,2021-11-30 13:04:01-05:00,561.0
23654,awair-omni_16052,,,,undefined,70886b1238b9,,c0:98:e5:c0:00:38,UVA,005 Olsson,http-awairlocal-publish,2021-11-30 13:04:11-05:00,564.0
23655,awair-omni_16052,,,,undefined,70886b1238b9,,c0:98:e5:c0:00:38,UVA,005 Olsson,http-awairlocal-publish,2021-11-30 13:04:21-05:00,567.0
23656,awair-omni_16052,,,,undefined,70886b1238b9,,c0:98:e5:c0:00:38,UVA,005 Olsson,http-awairlocal-publish,2021-11-30 13:04:31-05:00,571.0
23657,awair-omni_16052,,,,undefined,70886b1238b9,,c0:98:e5:c0:00:38,UVA,005 Olsson,http-awairlocal-publish,2021-11-30 13:04:41-05:00,572.0
23658,awair-omni_16052,,,,undefined,70886b1238b9,,c0:98:e5:c0:00:38,UVA,005 Olsson,http-awairlocal-publish,2021-11-30 13:04:51-05:00,575.0
23659,awair-omni_16052,,,,undefined,70886b1238b9,,c0:98:e5:c0:00:38,UVA,005 Olsson,http-awairlocal-publish,2021-11-30 13:05:01-05:00,578.0
23660,awair-omni_16052,,,,undefined,70886b1238b9,,c0:98:e5:c0:00:38,UVA,005 Olsson,http-awairlocal-publish,2021-11-30 13:05:11-05:00,582.0
23661,awair-omni_16052,,,,undefined,70886b1238b9,,c0:98:e5:c0:00:38,UVA,005 Olsson,http-awairlocal-publish,2021-11-30 13:05:21-05:00,584.0
23662,awair-omni_16052,,,,undefined,70886b1238b9,,c0:98:e5:c0:00:38,UVA,005 Olsson,http-awairlocal-publish,2021-11-30 13:05:31-05:00,587.0
23663,awair-omni_16052,,,,undefined,70886b1238b9,,c0:98:e5:c0:00:38,UVA,005 Olsson,http-awairlocal-publish,2021-11-30 13:05:41-05:00,590.0
23664,awair-omni_16052,,,,undefined,70886b1238b9,,c0:98:e5:c0:00:38,UVA,005 Olsson,http-awairlocal-publish,2021-11-30 13:05:51-05:00,593.0
23665,awair-omni_16052,,,,undefined,70886b1238b9,,c0:98:e5:c0:00:38,UVA,005 Olsson,http-awairlocal-publish,2021-11-30 13:06:01-05:00,597.0
23666,awair-omni_16052,,,,undefined,70886b1238b9,,c0:98:e5:c0:00:38,UVA,005 Olsson,http-awairlocal-publish,2021-11-30 13:06:11-05:00,600.0
23667,awair-omni_16052,,,,undefined,70886b1238b9,,c0:98:e5:c0:00:38,UVA,005 Olsson,http-awairlocal-publish,2021-11-30 13:06:21-05:00,602.0
23668,awair-omni_16052,,,,undefined,70886b1238b9,,c0:98:e5:c0:00:38,UVA,005 Olsson,http-awairlocal-publish,2021-11-30 13:06:31-05:00,604.0
23669,awair-omni_16052,,,,undefined,70886b1238b9,,c0:98:e5:c0:00:38,UVA,005 Olsson,http-awairlocal-publish,2021-11-30 13:06:41-05:00,608.0
23670,awair-omni_16052,,,,undefined,70886b1238b9,,c0:98:e5:c0:00:38,UVA,005 Olsson,http-awairlocal-publish,2021-11-30 13:06:51-05:00,611.0
23671,awair-omni_16052,,,,undefined,70886b1238b9,,c0:98:e5:c0:00:38,UVA,005 Olsson,http-awairlocal-publish,2021-11-30 13:07:01-05:00,614.0
23672,awair-omni_16052,,,,undefined,70886b1238b9,,c0:98:e5:c0:00:38,UVA,005 Olsson,http-awairlocal-publish,2021-11-30 13:07:11-05:00,617.0
23673,awair-omni_16052,,,,undefined,70886b1238b9,,c0:98:e5:c0:00:38,UVA,005 Olsson,http-awairlocal-publish,2021-11-30 13:07:21-05:00,620.0
23674,awair-omni_16052,,,,undefined,70886b1238b9,,c0:98:e5:c0:00:38,UVA,005 Olsson,http-awairlocal-publish,2021-11-30 13:07:31-05:00,623.0
23675,awair-omni_16052,,,,undefined,70886b1238b9,,c0:98:e5:c0:00:38,UVA,005 Olsson,http-awairlocal-publish,2021-11-30 13:07:41-05:00,625.0
23676,awair-omni_16052,,,,undefined,70886b1238b9,,c0:98:e5:c0:00:38,UVA,005 Olsson,http-awairlocal-publish,2021-11-30 13:07:51-05:00,627.0
23677,awair-omni_16052,,,,undefined,70886b1238b9,,c0:98:e5:c0:00:38,UVA,005 Olsson,http-awairlocal-publish,2021-11-30 13:08:01-05:00,630.0
23678,awair-omni_16052,,,,undefined,70886b1238b9,,c0:98:e5:c0:00:38,UVA,005 Olsson,http-awairlocal-publish,2021-11-30 13:08:11-05:00,633.0
23679,awair-omni_16052,,,,undefined,70886b1238b9,,c0:98:e5:c0:00:38,UVA,005 Olsson,http-awairlocal-publish,2021-11-30 13:08:21-05:00,635.0
23680,awair-omni_16052,,,,undefined,70886b1238b9,,c0:98:e5:c0:00:38,UVA,005 Olsson,http-awairlocal-publish,2021-11-30 13:08:31-05:00,637.0
23681,awair-omni_16052,,,,undefined,70886b1238b9,,c0:98:e5:c0:00:38,UVA,005 Olsson,http-awairlocal-publish,2021-11-30 13:08:41-05:00,640.0
23682,awair-omni_16052,,,,undefined,70886b1238b9,,c0:98:e5:c0:00:38,UVA,005 Olsson,http-awairlocal-publish,2021-11-30 13:08:51-05:00,643.0
23683,awair-omni_16052,,,,undefined,70886b1238b9,,c0:98:e5:c0:00:38,UVA,005 Olsson,http-awairlocal-publish,2021-11-30 13:09:01-05:00,645.0
23684,awair-omni_16052,,,,undefined,70886b1238b9,,c0:98:e5:c0:00:38,UVA,005 Olsson,http-awairlocal-publish,2021-11-30 13:09:12-05:00,650.0
23685,awair-omni_16052,,,,undefined,70886b1238b9,,c0:98:e5:c0:00:38,UVA,005 Olsson,http-awairlocal-publish,2021-11-30 13:09:22-05:00,652.0
23686,awair-omni_16052,,,,undefined,70886b1238b9,,c0:98:e5:c0:00:38,UVA,005 Olsson,http-awairlocal-publish,2021-11-30 13:09:32-05:00,655.0
23687,awair-omni_16052,,,,undefined,70886b1238b9,,c0:98:e5:c0:00:38,UVA,005 Olsson,http-awairlocal-publish,2021-11-30 13:09:42-05:00,658.0
23688,awair-omni_16052,,,,undefined,70886b1238b9,,c0:98:e5:c0:00:38,UVA,005 Olsson,http-awairlocal-publish,2021-11-30 13:09:52-05:00,662.0
23689,awair-omni_16052,,,,undefined,70886b1238b9,,c0:98:e5:c0:00:38,UVA,005 Olsson,http-awairlocal-publish,2021-11-30 13:10:02-05:00,666.0
23690,awair-omni_16052,,,,undefined,70886b1238b9,,c0:98:e5:c0:00:38,UVA,005 Olsson,http-awairlocal-publish,2021-11-30 13:10:12-05:00,670.0
23691,awair-omni_16052,,,,undefined,70886b1238b9,,c0:98:e5:c0:00:38,UVA,005 Olsson,http-awairlocal-publish,2021-11-30 13:10:22-05:00,674.0
23692,awair-omni_16052,,,,undefined,70886b1238b9,,c0:98:e5:c0:00:38,UVA,005 Olsson,http-awairlocal-publish,2021-11-30 13:10:32-05:00,678.0
23693,awair-omni_16052,,,,undefined,70886b1238b9,,c0:98:e5:c0:00:38,UVA,005 Olsson,http-awairlocal-publish,2021-11-30 13:10:42-05:00,681.0
23694,awair-omni_16052,,,,undefined,70886b1238b9,,c0:98:e5:c0:00:38,UVA,005 Olsson,http-awairlocal-publish,2021-11-30 13:10:52-05:00,686.0
23695,awair-omni_16052,,,,undefined,70886b1238b9,,c0:98:e5:c0:00:38,UVA,005 Olsson,http-awairlocal-publish,2021-11-30 13:11:02-05:00,690.0
23696,awair-omni_16052,,,,undefined,70886b1238b9,,c0:98:e5:c0:00:38,UVA,005 Olsson,http-awairlocal-publish,2021-11-30 13:11:12-05:00,693.0
23697,awair-omni_16052,,,,undefined,70886b1238b9,,c0:98:e5:c0:00:38,UVA,005 Olsson,http-awairlocal-publish,2021-11-30 13:11:22-05:00,697.0
23698,awair-omni_16052,,,,undefined,70886b1238b9,,c0:98:e5:c0:00:38,UVA,005 Olsson,http-awairlocal-publish,2021-11-30 13:11:32-05:00,701.0
23699,awair-omni_16052,,,,undefined,70886b1238b9,,c0:98:e5:c0:00:38,UVA,005 Olsson,http-awairlocal-publish,2021-11-30 13:11:42-05:00,705.0
23700,awair-omni_16052,,,,undefined,70886b1238b9,,c0:98:e5:c0:00:38,UVA,005 Olsson,http-awairlocal-publish,2021-11-30 13:11:52-05:00,708.0
23701,awair-omni_16052,,,,undefined,70886b1238b9,,c0:98:e5:c0:00:38,UVA,005 Olsson,http-awairlocal-publish,2021-11-30 13:12:02-05:00,710.0
23702,awair-omni_16052,,,,undefined,70886b1238b9,,c0:98:e5:c0:00:38,UVA,005 Olsson,http-awairlocal-publish,2021-11-30 13:12:12-05:00,712.0
23703,awair-omni_16052,,,,undefined,70886b1238b9,,c0:98:e5:c0:00:38,UVA,005 Olsson,http-awairlocal-publish,2021-11-30 13:12:22-05:00,716.0
23704,awair-omni_16052,,,,undefined,70886b1238b9,,c0:98:e5:c0:00:38,UVA,005 Olsson,http-awairlocal-publish,2021-11-30 13:12:32-05:00,719.0
23705,awair-omni_16052,,,,undefined,70886b1238b9,,c0:98:e5:c0:00:38,UVA,005 Olsson,http-awairlocal-publish,2021-11-30 13:12:42-05:00,721.0
23706,awair-omni_16052,,,,undefined,70886b1238b9,,c0:98:e5:c0:00:38,UVA,005 Olsson,http-awairlocal-publish,2021-11-30 13:12:52-05:00,724.0
23707,awair-omni_16052,,,,undefined,70886b1238b9,,c0:98:e5:c0:00:38,UVA,005 Olsson,http-awairlocal-publish,2021-11-30 13:13:02-05:00,726.0
23708,awair-omni_16052,,,,undefined,70886b1238b9,,c0:98:e5:c0:00:38,UVA,005 Olsson,http-awairlocal-publish,2021-11-30 13:13:12-05:00,728.0
23709,awair-omni_16052,,,,undefined,70886b1238b9,,c0:98:e5:c0:00:38,UVA,005 Olsson,http-awairlocal-publish,2021-11-30 13:13:22-05:00,730.0
23710,awair-omni_16052,,,,undefined,70886b1238b9,,c0:98:e5:c0:00:38,UVA,005 Olsson,http-awairlocal-publish,2021-11-30 13:13:32-05:00,733.0
23711,awair-omni_16052,,,,undefined,70886b1238b9,,c0:98:e5:c0:00:38,UVA,005 Olsson,http-awairlocal-publish,2021-11-30 13:13:42-05:00,737.0
23712,awair-omni_16052,,,,undefined,70886b1238b9,,c0:98:e5:c0:00:38,UVA,005 Olsson,http-awairlocal-publish,2021-11-30 13:13:52-05:00,741.0
23713,awair-omni_16052,,,,undefined,70886b1238b9,,c0:98:e5:c0:00:38,UVA,005 Olsson,http-awairlocal-publish,2021-11-30 13:14:02-05:00,743.0
23714,awair-omni_16052,,,,undefined,70886b1238b9,,c0:98:e5:c0:00:38,UVA,005 Olsson,http-awairlocal-publish,2021-11-30 13:14:12-05:00,744.0
23715,awair-omni_16052,,,,undefined,70886b1238b9,,c0:98:e5:c0:00:38,UVA,005 Olsson,http-awairlocal-publish,2021-11-30 13:14:23-05:00,747.0
23716,awair-omni_16052,,,,undefined,70886b1238b9,,c0:98:e5:c0:00:38,UVA,005 Olsson,http-awairlocal-publish,2021-11-30 13:14:33-05:00,750.0
23717,awair-omni_16052,,,,undefined,70886b1238b9,,c0:98:e5:c0:00:38,UVA,005 Olsson,http-awairlocal-publish,2021-11-30 13:14:43-05:00,753.0
23718,awair-omni_16052,,,,undefined,70886b1238b9,,c0:98:e5:c0:00:38,UVA,005 Olsson,http-awairlocal-publish,2021-11-30 13:14:53-05:00,757.0
23719,awair-omni_16052,,,,undefined,70886b1238b9,,c0:98:e5:c0:00:38,UVA,005 Olsson,http-awairlocal-publish,2021-11-30 13:15:03-05:00,760.0
23720,awair-omni_16052,,,,undefined,70886b1238b9,,c0:98:e5:c0:00:38,UVA,005 Olsson,http-awairlocal-publish,2021-11-30 13:15:13-05:00,763.0
23721,awair-omni_16052,,,,undefined,70886b1238b9,,c0:98:e5:c0:00:38,UVA,005 Olsson,http-awairlocal-publish,2021-11-30 13:15:23-05:00,767.0
23722,awair-omni_16052,,,,undefined,70886b1238b9,,c0:98:e5:c0:00:38,UVA,005 Olsson,http-awairlocal-publish,2021-11-30 13:15:33-05:00,770.0
23723,awair-omni_16052,,,,undefined,70886b1238b9,,c0:98:e5:c0:00:38,UVA,005 Olsson,http-awairlocal-publish,2021-11-30 13:15:43-05:00,771.0
23724,awair-omni_16052,,,,undefined,70886b1238b9,,c0:98:e5:c0:00:38,UVA,005 Olsson,http-awairlocal-publish,2021-11-30 13:15:53-05:00,773.0
23725,awair-omni_16052,,,,undefined,70886b1238b9,,c0:98:e5:c0:00:38,UVA,005 Olsson,http-awairlocal-publish,2021-11-30 13:16:03-05:00,775.0
23726,awair-omni_16052,,,,undefined,70886b1238b9,,c0:98:e5:c0:00:38,UVA,005 Olsson,http-awairlocal-publish,2021-11-30 13:16:13-05:00,779.0
23727,awair-omni_16052,,,,undefined,70886b1238b9,,c0:98:e5:c0:00:38,UVA,005 Olsson,http-awairlocal-publish,2021-11-30 13:16:23-05:00,781.0
23728,awair-omni_16052,,,,undefined,70886b1238b9,,c0:98:e5:c0:00:38,UVA,005 Olsson,http-awairlocal-publish,2021-11-30 13:16:33-05:00,784.0
23729,awair-omni_16052,,,,undefined,70886b1238b9,,c0:98:e5:c0:00:38,UVA,005 Olsson,http-awairlocal-publish,2021-11-30 13:16:43-05:00,785.0
23730,awair-omni_16052,,,,undefined,70886b1238b9,,c0:98:e5:c0:00:38,UVA,005 Olsson,http-awairlocal-publish,2021-11-30 13:16:53-05:00,787.0
23731,awair-omni_16052,,,,undefined,70886b1238b9,,c0:98:e5:c0:00:38,UVA,005 Olsson,http-awairlocal-publish,2021-11-30 13:17:03-05:00,788.0
23732,awair-omni_16052,,,,undefined,70886b1238b9,,c0:98:e5:c0:00:38,UVA,005 Olsson,http-awairlocal-publish,2021-11-30 13:17:13-05:00,790.0
23733,awair-omni_16052,,,,undefined,70886b1238b9,,c0:98:e5:c0:00:38,UVA,005 Olsson,http-awairlocal-publish,2021-11-30 13:17:23-05:00,793.0
23734,awair-omni_16052,,,,undefined,70886b1238b9,,c0:98:e5:c0:00:38,UVA,005 Olsson,http-awairlocal-publish,2021-11-30 13:17:33-05:00,795.0
23735,awair-omni_16052,,,,undefined,70886b1238b9,,c0:98:e5:c0:00:38,UVA,005 Olsson,http-awairlocal-publish,2021-11-30 13:17:43-05:00,797.0
23736,awair-omni_16052,,,,undefined,70886b1238b9,,c0:98:e5:c0:00:38,UVA,005 Olsson,http-awairlocal-publish,2021-11-30 13:17:53-05:00,798.0
23737,awair-omni_16052,,,,undefined,70886b1238b9,,c0:98:e5:c0:00:38,UVA,005 Olsson,http-awairlocal-publish,2021-11-30 13:18:03-05:00,799.0
23738,awair-omni_16052,,,,undefined,70886b1238b9,,c0:98:e5:c0:00:38,UVA,005 Olsson,http-awairlocal-publish,2021-11-30 13:18:13-05:00,800.0
23739,awair-omni_16052,,,,undefined,70886b1238b9,,c0:98:e5:c0:00:38,UVA,005 Olsson,http-awairlocal-publish,2021-11-30 13:18:23-05:00,802.0
23740,awair-omni_16052,,,,undefined,70886b1238b9,,c0:98:e5:c0:00:38,UVA,005 Olsson,http-awairlocal-publish,2021-11-30 13:18:33-05:00,804.0
23741,awair-omni_16052,,,,undefined,70886b1238b9,,c0:98:e5:c0:00:38,UVA,005 Olsson,http-awairlocal-publish,2021-11-30 13:18:43-05:00,805.0
23742,awair-omni_16052,,,,undefined,70886b1238b9,,c0:98:e5:c0:00:38,UVA,005 Olsson,http-awairlocal-publish,2021-11-30 13:18:53-05:00,807.0
23743,awair-omni_16052,,,,undefined,70886b1238b9,,c0:98:e5:c0:00:38,UVA,005 Olsson,http-awairlocal-publish,2021-11-30 13:19:03-05:00,809.0
23744,awair-omni_16052,,,,undefined,70886b1238b9,,c0:98:e5:c0:00:38,UVA,005 Olsson,http-awairlocal-publish,2021-11-30 13:19:13-05:00,811.0
23745,awair-omni_16052,,,,undefined,70886b1238b9,,c0:98:e5:c0:00:38,UVA,005 Olsson,http-awairlocal-publish,2021-11-30 13:19:23-05:00,813.0
23746,awair-omni_16052,,,,undefined,70886b1238b9,,c0:98:e5:c0:00:38,UVA,005 Olsson,http-awairlocal-publish,2021-11-30 13:19:34-05:00,815.0
23747,awair-omni_16052,,,,undefined,70886b1238b9,,c0:98:e5:c0:00:38,UVA,005 Olsson,http-awairlocal-publish,2021-11-30 13:19:44-05:00,816.0
23748,awair-omni_16052,,,,undefined,70886b1238b9,,c0:98:e5:c0:00:38,UVA,005 Olsson,http-awairlocal-publish,2021-11-30 13:19:54-05:00,817.0
23749,awair-omni_16052,,,,undefined,70886b1238b9,,c0:98:e5:c0:00:38,UVA,005 Olsson,http-awairlocal-publish,2021-11-30 13:20:04-05:00,818.0
23750,awair-omni_16052,,,,undefined,70886b1238b9,,c0:98:e5:c0:00:38,UVA,005 Olsson,http-awairlocal-publish,2021-11-30 13:20:14-05:00,820.0
23751,awair-omni_16052,,,,undefined,70886b1238b9,,c0:98:e5:c0:00:38,UVA,005 Olsson,http-awairlocal-publish,2021-11-30 13:20:24-05:00,822.0
23752,awair-omni_16052,,,,undefined,70886b1238b9,,c0:98:e5:c0:00:38,UVA,005 Olsson,http-awairlocal-publish,2021-11-30 13:20:34-05:00,824.0
23753,awair-omni_16052,,,,undefined,70886b1238b9,,c0:98:e5:c0:00:38,UVA,005 Olsson,http-awairlocal-publish,2021-11-30 13:20:44-05:00,825.0
23754,awair-omni_16052,,,,undefined,70886b1238b9,,c0:98:e5:c0:00:38,UVA,005 Olsson,http-awairlocal-publish,2021-11-30 13:20:54-05:00,827.0
23755,awair-omni_16052,,,,undefined,70886b1238b9,,c0:98:e5:c0:00:38,UVA,005 Olsson,http-awairlocal-publish,2021-11-30 13:21:04-05:00,829.0
23756,awair-omni_16052,,,,undefined,70886b1238b9,,c0:98:e5:c0:00:38,UVA,005 Olsson,http-awairlocal-publish,2021-11-30 13:21:14-05:00,831.0
23757,awair-omni_16052,,,,undefined,70886b1238b9,,c0:98:e5:c0:00:38,UVA,005 Olsson,http-awairlocal-publish,2021-11-30 13:21:24-05:00,833.0
23758,awair-omni_16052,,,,undefined,70886b1238b9,,c0:98:e5:c0:00:38,UVA,005 Olsson,http-awairlocal-publish,2021-11-30 13:21:34-05:00,835.0
23759,awair-omni_16052,,,,undefined,70886b1238b9,,c0:98:e5:c0:00:38,UVA,005 Olsson,http-awairlocal-publish,2021-11-30 13:21:44-05:00,835.0
23760,awair-omni_16052,,,,undefined,70886b1238b9,,c0:98:e5:c0:00:38,UVA,005 Olsson,http-awairlocal-publish,2021-11-30 13:21:54-05:00,835.0
23761,awair-omni_16052,,,,undefined,70886b1238b9,,c0:98:e5:c0:00:38,UVA,005 Olsson,http-awairlocal-publish,2021-11-30 13:22:04-05:00,837.0
23762,awair-omni_16052,,,,undefined,70886b1238b9,,c0:98:e5:c0:00:38,UVA,005 Olsson,http-awairlocal-publish,2021-11-30 13:22:14-05:00,838.0
23763,awair-omni_16052,,,,undefined,70886b1238b9,,c0:98:e5:c0:00:38,UVA,005 Olsson,http-awairlocal-publish,2021-11-30 13:22:24-05:00,840.0
23764,awair-omni_16052,,,,undefined,70886b1238b9,,c0:98:e5:c0:00:38,UVA,005 Olsson,http-awairlocal-publish,2021-11-30 13:22:34-05:00,841.0
23765,awair-omni_16052,,,,undefined,70886b1238b9,,c0:98:e5:c0:00:38,UVA,005 Olsson,http-awairlocal-publish,2021-11-30 13:22:44-05:00,840.0
23766,awair-omni_16052,,,,undefined,70886b1238b9,,c0:98:e5:c0:00:38,UVA,005 Olsson,http-awairlocal-publish,2021-11-30 13:22:54-05:00,842.0
23767,awair-omni_16052,,,,undefined,70886b1238b9,,c0:98:e5:c0:00:38,UVA,005 Olsson,http-awairlocal-publish,2021-11-30 13:23:04-05:00,844.0
23768,awair-omni_16052,,,,undefined,70886b1238b9,,c0:98:e5:c0:00:38,UVA,005 Olsson,http-awairlocal-publish,2021-11-30 13:23:14-05:00,844.0
23769,awair-omni_16052,,,,undefined,70886b1238b9,,c0:98:e5:c0:00:38,UVA,005 Olsson,http-awairlocal-publish,2021-11-30 13:23:24-05:00,845.0
23770,awair-omni_16052,,,,undefined,70886b1238b9,,c0:98:e5:c0:00:38,UVA,005 Olsson,http-awairlocal-publish,2021-11-30 13:23:34-05:00,846.0
23771,awair-omni_16052,,,,undefined,70886b1238b9,,c0:98:e5:c0:00:38,UVA,005 Olsson,http-awairlocal-publish,2021-11-30 13:23:44-05:00,848.0
23772,awair-omni_16052,,,,undefined,70886b1238b9,,c0:98:e5:c0:00:38,UVA,005 Olsson,http-awairlocal-publish,2021-11-30 13:23:54-05:00,848.0
23773,awair-omni_16052,,,,undefined,70886b1238b9,,c0:98:e5:c0:00:38,UVA,005 Olsson,http-awairlocal-publish,2021-11-30 13:24:04-05:00,850.0
23774,awair-omni_16052,,,,undefined,70886b1238b9,,c0:98:e5:c0:00:38,UVA,005 Olsson,http-awairlocal-publish,2021-11-30 13:24:14-05:00,852.0
23775,awair-omni_16052,,,,undefined,70886b1238b9,,c0:98:e5:c0:00:38,UVA,005 Olsson,http-awairlocal-publish,2021-11-30 13:24:24-05:00,853.0
23776,awair-omni_16052,,,,undefined,70886b1238b9,,c0:98:e5:c0:00:38,UVA,005 Olsson,http-awairlocal-publish,2021-11-30 13:24:34-05:00,852.0
23777,awair-omni_16052,,,,undefined,70886b1238b9,,c0:98:e5:c0:00:38,UVA,005 Olsson,http-awairlocal-publish,2021-11-30 13:24:45-05:00,852.0
23778,awair-omni_16052,,,,undefined,70886b1238b9,,c0:98:e5:c0:00:38,UVA,005 Olsson,http-awairlocal-publish,2021-11-30 13:24:55-05:00,853.0
23779,awair-omni_16052,,,,undefined,70886b1238b9,,c0:98:e5:c0:00:38,UVA,005 Olsson,http-awairlocal-publish,2021-11-30 13:25:05-05:00,855.0
23780,awair-omni_16052,,,,undefined,70886b1238b9,,c0:98:e5:c0:00:38,UVA,005 Olsson,http-awairlocal-publish,2021-11-30 13:25:15-05:00,856.0
23781,awair-omni_16052,,,,undefined,70886b1238b9,,c0:98:e5:c0:00:38,UVA,005 Olsson,http-awairlocal-publish,2021-11-30 13:25:25-05:00,858.0
23782,awair-omni_16052,,,,undefined,70886b1238b9,,c0:98:e5:c0:00:38,UVA,005 Olsson,http-awairlocal-publish,2021-11-30 13:25:35-05:00,860.0
23783,awair-omni_16052,,,,undefined,70886b1238b9,,c0:98:e5:c0:00:38,UVA,005 Olsson,http-awairlocal-publish,2021-11-30 13:25:45-05:00,861.0
23784,awair-omni_16052,,,,undefined,70886b1238b9,,c0:98:e5:c0:00:38,UVA,005 Olsson,http-awairlocal-publish,2021-11-30 13:25:55-05:00,863.0
23785,awair-omni_16052,,,,undefined,70886b1238b9,,c0:98:e5:c0:00:38,UVA,005 Olsson,http-awairlocal-publish,2021-11-30 13:26:05-05:00,864.0
23786,awair-omni_16052,,,,undefined,70886b1238b9,,c0:98:e5:c0:00:38,UVA,005 Olsson,http-awairlocal-publish,2021-11-30 13:26:15-05:00,865.0
23787,awair-omni_16052,,,,undefined,70886b1238b9,,c0:98:e5:c0:00:38,UVA,005 Olsson,http-awairlocal-publish,2021-11-30 13:26:25-05:00,868.0
23788,awair-omni_16052,,,,undefined,70886b1238b9,,c0:98:e5:c0:00:38,UVA,005 Olsson,http-awairlocal-publish,2021-11-30 13:26:35-05:00,869.0
23789,awair-omni_16052,,,,undefined,70886b1238b9,,c0:98:e5:c0:00:38,UVA,005 Olsson,http-awairlocal-publish,2021-11-30 13:26:45-05:00,871.0
23790,awair-omni_16052,,,,undefined,70886b1238b9,,c0:98:e5:c0:00:38,UVA,005 Olsson,http-awairlocal-publish,2021-11-30 13:26:55-05:00,872.0
23791,awair-omni_16052,,,,undefined,70886b1238b9,,c0:98:e5:c0:00:38,UVA,005 Olsson,http-awairlocal-publish,2021-11-30 13:27:05-05:00,873.0
23792,awair-omni_16052,,,,undefined,70886b1238b9,,c0:98:e5:c0:00:38,UVA,005 Olsson,http-awairlocal-publish,2021-11-30 13:27:15-05:00,875.0
23793,awair-omni_16052,,,,undefined,70886b1238b9,,c0:98:e5:c0:00:38,UVA,005 Olsson,http-awairlocal-publish,2021-11-30 13:27:25-05:00,877.0
23794,awair-omni_16052,,,,undefined,70886b1238b9,,c0:98:e5:c0:00:38,UVA,005 Olsson,http-awairlocal-publish,2021-11-30 13:27:35-05:00,878.0
23795,awair-omni_16052,,,,undefined,70886b1238b9,,c0:98:e5:c0:00:38,UVA,005 Olsson,http-awairlocal-publish,2021-11-30 13:27:45-05:00,879.0
23796,awair-omni_16052,,,,undefined,70886b1238b9,,c0:98:e5:c0:00:38,UVA,005 Olsson,http-awairlocal-publish,2021-11-30 13:27:55-05:00,881.0
23797,awair-omni_16052,,,,undefined,70886b1238b9,,c0:98:e5:c0:00:38,UVA,005 Olsson,http-awairlocal-publish,2021-11-30 13:28:05-05:00,882.0
23798,awair-omni_16052,,,,undefined,70886b1238b9,,c0:98:e5:c0:00:38,UVA,005 Olsson,http-awairlocal-publish,2021-11-30 13:28:15-05:00,884.0
23799,awair-omni_16052,,,,undefined,70886b1238b9,,c0:98:e5:c0:00:38,UVA,005 Olsson,http-awairlocal-publish,2021-11-30 13:28:25-05:00,886.0
23800,awair-omni_16052,,,,undefined,70886b1238b9,,c0:98:e5:c0:00:38,UVA,005 Olsson,http-awairlocal-publish,2021-11-30 13:28:35-05:00,888.0
23801,awair-omni_16052,,,,undefined,70886b1238b9,,c0:98:e5:c0:00:38,UVA,005 Olsson,http-awairlocal-publish,2021-11-30 13:28:45-05:00,891.0
23802,awair-omni_16052,,,,undefined,70886b1238b9,,c0:98:e5:c0:00:38,UVA,005 Olsson,http-awairlocal-publish,2021-11-30 13:28:55-05:00,893.0
23803,awair-omni_16052,,,,undefined,70886b1238b9,,c0:98:e5:c0:00:38,UVA,005 Olsson,http-awairlocal-publish,2021-11-30 13:29:05-05:00,893.0
23804,awair-omni_16052,,,,undefined,70886b1238b9,,c0:98:e5:c0:00:38,UVA,005 Olsson,http-awairlocal-publish,2021-11-30 13:29:15-05:00,895.0
23805,awair-omni_16052,,,,undefined,70886b1238b9,,c0:98:e5:c0:00:38,UVA,005 Olsson,http-awairlocal-publish,2021-11-30 13:29:25-05:00,897.0
23806,awair-omni_16052,,,,undefined,70886b1238b9,,c0:98:e5:c0:00:38,UVA,005 Olsson,http-awairlocal-publish,2021-11-30 13:29:35-05:00,898.0
23807,awair-omni_16052,,,,undefined,70886b1238b9,,c0:98:e5:c0:00:38,UVA,005 Olsson,http-awairlocal-publish,2021-11-30 13:29:45-05:00,898.0
23808,awair-omni_16052,,,,undefined,70886b1238b9,,c0:98:e5:c0:00:38,UVA,005 Olsson,http-awairlocal-publish,2021-11-30 13:29:56-05:00,899.0
23809,awair-omni_16052,,,,undefined,70886b1238b9,,c0:98:e5:c0:00:38,UVA,005 Olsson,http-awairlocal-publish,2021-11-30 13:30:06-05:00,901.0
23810,awair-omni_16052,,,,undefined,70886b1238b9,,c0:98:e5:c0:00:38,UVA,005 Olsson,http-awairlocal-publish,2021-11-30 13:30:16-05:00,903.0
23811,awair-omni_16052,,,,undefined,70886b1238b9,,c0:98:e5:c0:00:38,UVA,005 Olsson,http-awairlocal-publish,2021-11-30 13:30:26-05:00,904.0
23812,awair-omni_16052,,,,undefined,70886b1238b9,,c0:98:e5:c0:00:38,UVA,005 Olsson,http-awairlocal-publish,2021-11-30 13:30:36-05:00,904.0
23813,awair-omni_16052,,,,undefined,70886b1238b9,,c0:98:e5:c0:00:38,UVA,005 Olsson,http-awairlocal-publish,2021-11-30 13:30:46-05:00,905.0
23814,awair-omni_16052,,,,undefined,70886b1238b9,,c0:98:e5:c0:00:38,UVA,005 Olsson,http-awairlocal-publish,2021-11-30 13:30:56-05:00,907.0
23815,awair-omni_16052,,,,undefined,70886b1238b9,,c0:98:e5:c0:00:38,UVA,005 Olsson,http-awairlocal-publish,2021-11-30 13:31:06-05:00,910.0
23816,awair-omni_16052,,,,undefined,70886b1238b9,,c0:98:e5:c0:00:38,UVA,005 Olsson,http-awairlocal-publish,2021-11-30 13:31:16-05:00,912.0
23817,awair-omni_16052,,,,undefined,70886b1238b9,,c0:98:e5:c0:00:38,UVA,005 Olsson,http-awairlocal-publish,2021-11-30 13:31:26-05:00,912.0
23818,awair-omni_16052,,,,undefined,70886b1238b9,,c0:98:e5:c0:00:38,UVA,005 Olsson,http-awairlocal-publish,2021-11-30 13:31:36-05:00,911.0
23819,awair-omni_16052,,,,undefined,70886b1238b9,,c0:98:e5:c0:00:38,UVA,005 Olsson,http-awairlocal-publish,2021-11-30 13:31:46-05:00,911.0
23820,awair-omni_16052,,,,undefined,70886b1238b9,,c0:98:e5:c0:00:38,UVA,005 Olsson,http-awairlocal-publish,2021-11-30 13:31:56-05:00,911.0
23821,awair-omni_16052,,,,undefined,70886b1238b9,,c0:98:e5:c0:00:38,UVA,005 Olsson,http-awairlocal-publish,2021-11-30 13:32:06-05:00,912.0
23822,awair-omni_16052,,,,undefined,70886b1238b9,,c0:98:e5:c0:00:38,UVA,005 Olsson,http-awairlocal-publish,2021-11-30 13:32:16-05:00,913.0
23823,awair-omni_16052,,,,undefined,70886b1238b9,,c0:98:e5:c0:00:38,UVA,005 Olsson,http-awairlocal-publish,2021-11-30 13:32:26-05:00,914.0
23824,awair-omni_16052,,,,undefined,70886b1238b9,,c0:98:e5:c0:00:38,UVA,005 Olsson,http-awairlocal-publish,2021-11-30 13:32:36-05:00,916.0
23825,awair-omni_16052,,,,undefined,70886b1238b9,,c0:98:e5:c0:00:38,UVA,005 Olsson,http-awairlocal-publish,2021-11-30 13:32:46-05:00,916.0
23826,awair-omni_16052,,,,undefined,70886b1238b9,,c0:98:e5:c0:00:38,UVA,005 Olsson,http-awairlocal-publish,2021-11-30 13:32:56-05:00,916.0
23827,awair-omni_16052,,,,undefined,70886b1238b9,,c0:98:e5:c0:00:38,UVA,005 Olsson,http-awairlocal-publish,2021-11-30 13:33:06-05:00,917.0
23828,awair-omni_16052,,,,undefined,70886b1238b9,,c0:98:e5:c0:00:38,UVA,005 Olsson,http-awairlocal-publish,2021-11-30 13:33:16-05:00,919.0
23829,awair-omni_16052,,,,undefined,70886b1238b9,,c0:98:e5:c0:00:38,UVA,005 Olsson,http-awairlocal-publish,2021-11-30 13:33:26-05:00,920.0
23830,awair-omni_16052,,,,undefined,70886b1238b9,,c0:98:e5:c0:00:38,UVA,005 Olsson,http-awairlocal-publish,2021-11-30 13:33:36-05:00,920.0
23831,awair-omni_16052,,,,undefined,70886b1238b9,,c0:98:e5:c0:00:38,UVA,005 Olsson,http-awairlocal-publish,2021-11-30 13:33:46-05:00,920.0
23832,awair-omni_16052,,,,undefined,70886b1238b9,,c0:98:e5:c0:00:38,UVA,005 Olsson,http-awairlocal-publish,2021-11-30 13:33:56-05:00,920.0
23833,awair-omni_16052,,,,undefined,70886b1238b9,,c0:98:e5:c0:00:38,UVA,005 Olsson,http-awairlocal-publish,2021-11-30 13:34:06-05:00,921.0
23834,awair-omni_16052,,,,undefined,70886b1238b9,,c0:98:e5:c0:00:38,UVA,005 Olsson,http-awairlocal-publish,2021-11-30 13:34:16-05:00,921.0
23835,awair-omni_16052,,,,undefined,70886b1238b9,,c0:98:e5:c0:00:38,UVA,005 Olsson,http-awairlocal-publish,2021-11-30 13:34:26-05:00,921.0
23836,awair-omni_16052,,,,undefined,70886b1238b9,,c0:98:e5:c0:00:38,UVA,005 Olsson,http-awairlocal-publish,2021-11-30 13:34:36-05:00,921.0
23837,awair-omni_16052,,,,undefined,70886b1238b9,,c0:98:e5:c0:00:38,UVA,005 Olsson,http-awairlocal-publish,2021-11-30 13:34:46-05:00,919.0
23838,awair-omni_16052,,,,undefined,70886b1238b9,,c0:98:e5:c0:00:38,UVA,005 Olsson,http-awairlocal-publish,2021-11-30 13:34:56-05:00,919.0
23839,awair-omni_16052,,,,undefined,70886b1238b9,,c0:98:e5:c0:00:38,UVA,005 Olsson,http-awairlocal-publish,2021-11-30 13:35:06-05:00,919.0
23840,awair-omni_16052,,,,undefined,70886b1238b9,,c0:98:e5:c0:00:38,UVA,005 Olsson,http-awairlocal-publish,2021-11-30 13:35:17-05:00,919.0
23841,awair-omni_16052,,,,undefined,70886b1238b9,,c0:98:e5:c0:00:38,UVA,005 Olsson,http-awairlocal-publish,2021-11-30 13:35:27-05:00,920.0
23842,awair-omni_16052,,,,undefined,70886b1238b9,,c0:98:e5:c0:00:38,UVA,005 Olsson,http-awairlocal-publish,2021-11-30 13:35:37-05:00,923.0
23843,awair-omni_16052,,,,undefined,70886b1238b9,,c0:98:e5:c0:00:38,UVA,005 Olsson,http-awairlocal-publish,2021-11-30 13:35:47-05:00,924.0
23844,awair-omni_16052,,,,undefined,70886b1238b9,,c0:98:e5:c0:00:38,UVA,005 Olsson,http-awairlocal-publish,2021-11-30 13:35:57-05:00,926.0
23845,awair-omni_16052,,,,undefined,70886b1238b9,,c0:98:e5:c0:00:38,UVA,005 Olsson,http-awairlocal-publish,2021-11-30 13:36:07-05:00,927.0
23846,awair-omni_16052,,,,undefined,70886b1238b9,,c0:98:e5:c0:00:38,UVA,005 Olsson,http-awairlocal-publish,2021-11-30 13:36:17-05:00,928.0
23847,awair-omni_16052,,,,undefined,70886b1238b9,,c0:98:e5:c0:00:38,UVA,005 Olsson,http-awairlocal-publish,2021-11-30 13:36:27-05:00,929.0
23848,awair-omni_16052,,,,undefined,70886b1238b9,,c0:98:e5:c0:00:38,UVA,005 Olsson,http-awairlocal-publish,2021-11-30 13:36:37-05:00,931.0
23849,awair-omni_16052,,,,undefined,70886b1238b9,,c0:98:e5:c0:00:38,UVA,005 Olsson,http-awairlocal-publish,2021-11-30 13:36:47-05:00,932.0
23850,awair-omni_16052,,,,undefined,70886b1238b9,,c0:98:e5:c0:00:38,UVA,005 Olsson,http-awairlocal-publish,2021-11-30 13:36:57-05:00,931.0
23851,awair-omni_16052,,,,undefined,70886b1238b9,,c0:98:e5:c0:00:38,UVA,005 Olsson,http-awairlocal-publish,2021-11-30 13:37:07-05:00,932.0
23852,awair-omni_16052,,,,undefined,70886b1238b9,,c0:98:e5:c0:00:38,UVA,005 Olsson,http-awairlocal-publish,2021-11-30 13:37:17-05:00,933.0
23853,awair-omni_16052,,,,undefined,70886b1238b9,,c0:98:e5:c0:00:38,UVA,005 Olsson,http-awairlocal-publish,2021-11-30 13:37:27-05:00,935.0
23854,awair-omni_16052,,,,undefined,70886b1238b9,,c0:98:e5:c0:00:38,UVA,005 Olsson,http-awairlocal-publish,2021-11-30 13:37:37-05:00,936.0
23855,awair-omni_16052,,,,undefined,70886b1238b9,,c0:98:e5:c0:00:38,UVA,005 Olsson,http-awairlocal-publish,2021-11-30 13:37:47-05:00,937.0
23856,awair-omni_16052,,,,undefined,70886b1238b9,,c0:98:e5:c0:00:38,UVA,005 Olsson,http-awairlocal-publish,2021-11-30 13:37:57-05:00,938.0
23857,awair-omni_16052,,,,undefined,70886b1238b9,,c0:98:e5:c0:00:38,UVA,005 Olsson,http-awairlocal-publish,2021-11-30 13:38:07-05:00,937.0
23858,awair-omni_16052,,,,undefined,70886b1238b9,,c0:98:e5:c0:00:38,UVA,005 Olsson,http-awairlocal-publish,2021-11-30 13:38:17-05:00,937.0
23859,awair-omni_16052,,,,undefined,70886b1238b9,,c0:98:e5:c0:00:38,UVA,005 Olsson,http-awairlocal-publish,2021-11-30 13:38:27-05:00,938.0
23860,awair-omni_16052,,,,undefined,70886b1238b9,,c0:98:e5:c0:00:38,UVA,005 Olsson,http-awairlocal-publish,2021-11-30 13:38:37-05:00,940.0
23861,awair-omni_16052,,,,undefined,70886b1238b9,,c0:98:e5:c0:00:38,UVA,005 Olsson,http-awairlocal-publish,2021-11-30 13:38:47-05:00,942.0
23862,awair-omni_16052,,,,undefined,70886b1238b9,,c0:98:e5:c0:00:38,UVA,005 Olsson,http-awairlocal-publish,2021-11-30 13:38:57-05:00,944.0
23863,awair-omni_16052,,,,undefined,70886b1238b9,,c0:98:e5:c0:00:38,UVA,005 Olsson,http-awairlocal-publish,2021-11-30 13:39:07-05:00,944.0
23864,awair-omni_16052,,,,undefined,70886b1238b9,,c0:98:e5:c0:00:38,UVA,005 Olsson,http-awairlocal-publish,2021-11-30 13:39:17-05:00,945.0
23865,awair-omni_16052,,,,undefined,70886b1238b9,,c0:98:e5:c0:00:38,UVA,005 Olsson,http-awairlocal-publish,2021-11-30 13:39:27-05:00,945.0
23866,awair-omni_16052,,,,undefined,70886b1238b9,,c0:98:e5:c0:00:38,UVA,005 Olsson,http-awairlocal-publish,2021-11-30 13:39:37-05:00,946.0
23867,awair-omni_16052,,,,undefined,70886b1238b9,,c0:98:e5:c0:00:38,UVA,005 Olsson,http-awairlocal-publish,2021-11-30 13:39:47-05:00,947.0
23868,awair-omni_16052,,,,undefined,70886b1238b9,,c0:98:e5:c0:00:38,UVA,005 Olsson,http-awairlocal-publish,2021-11-30 13:39:57-05:00,949.0
23869,awair-omni_16052,,,,undefined,70886b1238b9,,c0:98:e5:c0:00:38,UVA,005 Olsson,http-awairlocal-publish,2021-11-30 13:40:07-05:00,949.0
23870,awair-omni_16052,,,,undefined,70886b1238b9,,c0:98:e5:c0:00:38,UVA,005 Olsson,http-awairlocal-publish,2021-11-30 13:40:17-05:00,948.0
23871,awair-omni_16052,,,,undefined,70886b1238b9,,c0:98:e5:c0:00:38,UVA,005 Olsson,http-awairlocal-publish,2021-11-30 13:40:27-05:00,948.0
23872,awair-omni_16052,,,,undefined,70886b1238b9,,c0:98:e5:c0:00:38,UVA,005 Olsson,http-awairlocal-publish,2021-11-30 13:40:37-05:00,950.0
23873,awair-omni_16052,,,,undefined,70886b1238b9,,c0:98:e5:c0:00:38,UVA,005 Olsson,http-awairlocal-publish,2021-11-30 13:40:47-05:00,950.0
23874,awair-omni_16052,,,,undefined,70886b1238b9,,c0:98:e5:c0:00:38,UVA,005 Olsson,http-awairlocal-publish,2021-11-30 13:40:58-05:00,950.0
23875,awair-omni_16052,,,,undefined,70886b1238b9,,c0:98:e5:c0:00:38,UVA,005 Olsson,http-awairlocal-publish,2021-11-30 13:41:08-05:00,950.0
23876,awair-omni_16052,,,,undefined,70886b1238b9,,c0:98:e5:c0:00:38,UVA,005 Olsson,http-awairlocal-publish,2021-11-30 13:41:18-05:00,951.0
23877,awair-omni_16052,,,,undefined,70886b1238b9,,c0:98:e5:c0:00:38,UVA,005 Olsson,http-awairlocal-publish,2021-11-30 13:41:28-05:00,951.0
23878,awair-omni_16052,,,,undefined,70886b1238b9,,c0:98:e5:c0:00:38,UVA,005 Olsson,http-awairlocal-publish,2021-11-30 13:41:38-05:00,950.0
23879,awair-omni_16052,,,,undefined,70886b1238b9,,c0:98:e5:c0:00:38,UVA,005 Olsson,http-awairlocal-publish,2021-11-30 13:41:48-05:00,948.0
23880,awair-omni_16052,,,,undefined,70886b1238b9,,c0:98:e5:c0:00:38,UVA,005 Olsson,http-awairlocal-publish,2021-11-30 13:41:58-05:00,949.0
23881,awair-omni_16052,,,,undefined,70886b1238b9,,c0:98:e5:c0:00:38,UVA,005 Olsson,http-awairlocal-publish,2021-11-30 13:42:08-05:00,950.0
23882,awair-omni_16052,,,,undefined,70886b1238b9,,c0:98:e5:c0:00:38,UVA,005 Olsson,http-awairlocal-publish,2021-11-30 13:42:18-05:00,952.0
23883,awair-omni_16052,,,,undefined,70886b1238b9,,c0:98:e5:c0:00:38,UVA,005 Olsson,http-awairlocal-publish,2021-11-30 13:42:28-05:00,954.0
23884,awair-omni_16052,,,,undefined,70886b1238b9,,c0:98:e5:c0:00:38,UVA,005 Olsson,http-awairlocal-publish,2021-11-30 13:42:38-05:00,956.0
23885,awair-omni_16052,,,,undefined,70886b1238b9,,c0:98:e5:c0:00:38,UVA,005 Olsson,http-awairlocal-publish,2021-11-30 13:42:48-05:00,957.0
23886,awair-omni_16052,,,,undefined,70886b1238b9,,c0:98:e5:c0:00:38,UVA,005 Olsson,http-awairlocal-publish,2021-11-30 13:42:58-05:00,957.0
23887,awair-omni_16052,,,,undefined,70886b1238b9,,c0:98:e5:c0:00:38,UVA,005 Olsson,http-awairlocal-publish,2021-11-30 13:43:08-05:00,956.0
23888,awair-omni_16052,,,,undefined,70886b1238b9,,c0:98:e5:c0:00:38,UVA,005 Olsson,http-awairlocal-publish,2021-11-30 13:43:18-05:00,956.0
23889,awair-omni_16052,,,,undefined,70886b1238b9,,c0:98:e5:c0:00:38,UVA,005 Olsson,http-awairlocal-publish,2021-11-30 13:43:28-05:00,957.0
23890,awair-omni_16052,,,,undefined,70886b1238b9,,c0:98:e5:c0:00:38,UVA,005 Olsson,http-awairlocal-publish,2021-11-30 13:43:38-05:00,959.0
23891,awair-omni_16052,,,,undefined,70886b1238b9,,c0:98:e5:c0:00:38,UVA,005 Olsson,http-awairlocal-publish,2021-11-30 13:43:48-05:00,959.0
23892,awair-omni_16052,,,,undefined,70886b1238b9,,c0:98:e5:c0:00:38,UVA,005 Olsson,http-awairlocal-publish,2021-11-30 13:43:58-05:00,958.0
23893,awair-omni_16052,,,,undefined,70886b1238b9,,c0:98:e5:c0:00:38,UVA,005 Olsson,http-awairlocal-publish,2021-11-30 13:44:08-05:00,958.0
23894,awair-omni_16052,,,,undefined,70886b1238b9,,c0:98:e5:c0:00:38,UVA,005 Olsson,http-awairlocal-publish,2021-11-30 13:44:18-05:00,958.0
23895,awair-omni_16052,,,,undefined,70886b1238b9,,c0:98:e5:c0:00:38,UVA,005 Olsson,http-awairlocal-publish,2021-11-30 13:44:28-05:00,958.0
23896,awair-omni_16052,,,,undefined,70886b1238b9,,c0:98:e5:c0:00:38,UVA,005 Olsson,http-awairlocal-publish,2021-11-30 13:44:38-05:00,958.0
23897,awair-omni_16052,,,,undefined,70886b1238b9,,c0:98:e5:c0:00:38,UVA,005 Olsson,http-awairlocal-publish,2021-11-30 13:44:48-05:00,958.0
23898,awair-omni_16052,,,,undefined,70886b1238b9,,c0:98:e5:c0:00:38,UVA,005 Olsson,http-awairlocal-publish,2021-11-30 13:44:58-05:00,958.0
23899,awair-omni_16052,,,,undefined,70886b1238b9,,c0:98:e5:c0:00:38,UVA,005 Olsson,http-awairlocal-publish,2021-11-30 13:45:08-05:00,957.0
23900,awair-omni_16052,,,,undefined,70886b1238b9,,c0:98:e5:c0:00:38,UVA,005 Olsson,http-awairlocal-publish,2021-11-30 13:45:18-05:00,957.0
23901,awair-omni_16052,,,,undefined,70886b1238b9,,c0:98:e5:c0:00:38,UVA,005 Olsson,http-awairlocal-publish,2021-11-30 13:45:28-05:00,958.0
23902,awair-omni_16052,,,,undefined,70886b1238b9,,c0:98:e5:c0:00:38,UVA,005 Olsson,http-awairlocal-publish,2021-11-30 13:45:38-05:00,960.0
23903,awair-omni_16052,,,,undefined,70886b1238b9,,c0:98:e5:c0:00:38,UVA,005 Olsson,http-awairlocal-publish,2021-11-30 13:45:48-05:00,961.0
23904,awair-omni_16052,,,,undefined,70886b1238b9,,c0:98:e5:c0:00:38,UVA,005 Olsson,http-awairlocal-publish,2021-11-30 13:45:58-05:00,963.0
23905,awair-omni_16052,,,,undefined,70886b1238b9,,c0:98:e5:c0:00:38,UVA,005 Olsson,http-awairlocal-publish,2021-11-30 13:46:09-05:00,962.0
23906,awair-omni_16052,,,,undefined,70886b1238b9,,c0:98:e5:c0:00:38,UVA,005 Olsson,http-awairlocal-publish,2021-11-30 13:46:19-05:00,963.0
23907,awair-omni_16052,,,,undefined,70886b1238b9,,c0:98:e5:c0:00:38,UVA,005 Olsson,http-awairlocal-publish,2021-11-30 13:46:29-05:00,964.0
23908,awair-omni_16052,,,,undefined,70886b1238b9,,c0:98:e5:c0:00:38,UVA,005 Olsson,http-awairlocal-publish,2021-11-30 13:46:39-05:00,965.0
23909,awair-omni_16052,,,,undefined,70886b1238b9,,c0:98:e5:c0:00:38,UVA,005 Olsson,http-awairlocal-publish,2021-11-30 13:46:49-05:00,965.0
23910,awair-omni_16052,,,,undefined,70886b1238b9,,c0:98:e5:c0:00:38,UVA,005 Olsson,http-awairlocal-publish,2021-11-30 13:46:59-05:00,965.0
23911,awair-omni_16052,,,,undefined,70886b1238b9,,c0:98:e5:c0:00:38,UVA,005 Olsson,http-awairlocal-publish,2021-11-30 13:47:09-05:00,965.0
23912,awair-omni_16052,,,,undefined,70886b1238b9,,c0:98:e5:c0:00:38,UVA,005 Olsson,http-awairlocal-publish,2021-11-30 13:47:19-05:00,965.0
23913,awair-omni_16052,,,,undefined,70886b1238b9,,c0:98:e5:c0:00:38,UVA,005 Olsson,http-awairlocal-publish,2021-11-30 13:47:29-05:00,966.0
23914,awair-omni_16052,,,,undefined,70886b1238b9,,c0:98:e5:c0:00:38,UVA,005 Olsson,http-awairlocal-publish,2021-11-30 13:47:39-05:00,967.0
23915,awair-omni_16052,,,,undefined,70886b1238b9,,c0:98:e5:c0:00:38,UVA,005 Olsson,http-awairlocal-publish,2021-11-30 13:47:49-05:00,968.0
23916,awair-omni_16052,,,,undefined,70886b1238b9,,c0:98:e5:c0:00:38,UVA,005 Olsson,http-awairlocal-publish,2021-11-30 13:47:59-05:00,970.0
23917,awair-omni_16052,,,,undefined,70886b1238b9,,c0:98:e5:c0:00:38,UVA,005 Olsson,http-awairlocal-publish,2021-11-30 13:48:09-05:00,970.0
23918,awair-omni_16052,,,,undefined,70886b1238b9,,c0:98:e5:c0:00:38,UVA,005 Olsson,http-awairlocal-publish,2021-11-30 13:48:19-05:00,971.0
23919,awair-omni_16052,,,,undefined,70886b1238b9,,c0:98:e5:c0:00:38,UVA,005 Olsson,http-awairlocal-publish,2021-11-30 13:48:29-05:00,970.0
23920,awair-omni_16052,,,,undefined,70886b1238b9,,c0:98:e5:c0:00:38,UVA,005 Olsson,http-awairlocal-publish,2021-11-30 13:48:39-05:00,970.0
23921,awair-omni_16052,,,,undefined,70886b1238b9,,c0:98:e5:c0:00:38,UVA,005 Olsson,http-awairlocal-publish,2021-11-30 13:48:49-05:00,970.0
23922,awair-omni_16052,,,,undefined,70886b1238b9,,c0:98:e5:c0:00:38,UVA,005 Olsson,http-awairlocal-publish,2021-11-30 13:48:59-05:00,970.0
23923,awair-omni_16052,,,,undefined,70886b1238b9,,c0:98:e5:c0:00:38,UVA,005 Olsson,http-awairlocal-publish,2021-11-30 13:49:09-05:00,971.0
23924,awair-omni_16052,,,,undefined,70886b1238b9,,c0:98:e5:c0:00:38,UVA,005 Olsson,http-awairlocal-publish,2021-11-30 13:49:19-05:00,972.0
23925,awair-omni_16052,,,,undefined,70886b1238b9,,c0:98:e5:c0:00:38,UVA,005 Olsson,http-awairlocal-publish,2021-11-30 13:49:29-05:00,971.0
23926,awair-omni_16052,,,,undefined,70886b1238b9,,c0:98:e5:c0:00:38,UVA,005 Olsson,http-awairlocal-publish,2021-11-30 13:49:39-05:00,970.0
23927,awair-omni_16052,,,,undefined,70886b1238b9,,c0:98:e5:c0:00:38,UVA,005 Olsson,http-awairlocal-publish,2021-11-30 13:49:49-05:00,970.0
23928,awair-omni_16052,,,,undefined,70886b1238b9,,c0:98:e5:c0:00:38,UVA,005 Olsson,http-awairlocal-publish,2021-11-30 13:49:59-05:00,969.0
