,0,1,2,3,awair_device_uuid,awair_mac_address,description,details,device_class,device_id,facilities_tag,gateway_id,location_general,location_specific,receiver,time,value
5494,,,,,awair-omni_16052,,,,undefined,70886b1238b9,,c0:98:e5:c0:00:38,,,http-awairlocal-publish,2021-11-16 13:00:07-05:00,495.0
5495,,,,,awair-omni_16052,,,,undefined,70886b1238b9,,c0:98:e5:c0:00:38,,,http-awairlocal-publish,2021-11-16 13:00:17-05:00,496.0
5496,,,,,awair-omni_16052,,,,undefined,70886b1238b9,,c0:98:e5:c0:00:38,,,http-awairlocal-publish,2021-11-16 13:00:27-05:00,497.0
5497,,,,,awair-omni_16052,,,,undefined,70886b1238b9,,c0:98:e5:c0:00:38,,,http-awairlocal-publish,2021-11-16 13:00:37-05:00,499.0
5498,,,,,awair-omni_16052,,,,undefined,70886b1238b9,,c0:98:e5:c0:00:38,,,http-awairlocal-publish,2021-11-16 13:00:47-05:00,503.0
5499,,,,,awair-omni_16052,,,,undefined,70886b1238b9,,c0:98:e5:c0:00:38,,,http-awairlocal-publish,2021-11-16 13:00:57-05:00,515.0
5500,,,,,awair-omni_16052,,,,undefined,70886b1238b9,,c0:98:e5:c0:00:38,,,http-awairlocal-publish,2021-11-16 13:01:07-05:00,521.0
5501,,,,,awair-omni_16052,,,,undefined,70886b1238b9,,c0:98:e5:c0:00:38,,,http-awairlocal-publish,2021-11-16 13:01:17-05:00,525.0
5502,,,,,awair-omni_16052,,,,undefined,70886b1238b9,,c0:98:e5:c0:00:38,,,http-awairlocal-publish,2021-11-16 13:01:27-05:00,527.0
5503,,,,,awair-omni_16052,,,,undefined,70886b1238b9,,c0:98:e5:c0:00:38,,,http-awairlocal-publish,2021-11-16 13:01:37-05:00,530.0
5504,,,,,awair-omni_16052,,,,undefined,70886b1238b9,,c0:98:e5:c0:00:38,,,http-awairlocal-publish,2021-11-16 13:01:47-05:00,532.0
5505,,,,,awair-omni_16052,,,,undefined,70886b1238b9,,c0:98:e5:c0:00:38,,,http-awairlocal-publish,2021-11-16 13:01:57-05:00,535.0
5506,,,,,awair-omni_16052,,,,undefined,70886b1238b9,,c0:98:e5:c0:00:38,,,http-awairlocal-publish,2021-11-16 13:02:07-05:00,537.0
5507,,,,,awair-omni_16052,,,,undefined,70886b1238b9,,c0:98:e5:c0:00:38,,,http-awairlocal-publish,2021-11-16 13:02:17-05:00,540.0
5508,,,,,awair-omni_16052,,,,undefined,70886b1238b9,,c0:98:e5:c0:00:38,,,http-awairlocal-publish,2021-11-16 13:02:27-05:00,544.0
5509,,,,,awair-omni_16052,,,,undefined,70886b1238b9,,c0:98:e5:c0:00:38,,,http-awairlocal-publish,2021-11-16 13:02:37-05:00,547.0
5510,,,,,awair-omni_16052,,,,undefined,70886b1238b9,,c0:98:e5:c0:00:38,,,http-awairlocal-publish,2021-11-16 13:02:47-05:00,550.0
5511,,,,,awair-omni_16052,,,,undefined,70886b1238b9,,c0:98:e5:c0:00:38,,,http-awairlocal-publish,2021-11-16 13:02:57-05:00,554.0
5512,,,,,awair-omni_16052,,,,undefined,70886b1238b9,,c0:98:e5:c0:00:38,,,http-awairlocal-publish,2021-11-16 13:03:07-05:00,557.0
5513,,,,,awair-omni_16052,,,,undefined,70886b1238b9,,c0:98:e5:c0:00:38,,,http-awairlocal-publish,2021-11-16 13:03:17-05:00,560.0
5514,,,,,awair-omni_16052,,,,undefined,70886b1238b9,,c0:98:e5:c0:00:38,,,http-awairlocal-publish,2021-11-16 13:03:27-05:00,563.0
5515,,,,,awair-omni_16052,,,,undefined,70886b1238b9,,c0:98:e5:c0:00:38,,,http-awairlocal-publish,2021-11-16 13:03:37-05:00,567.0
5516,,,,,awair-omni_16052,,,,undefined,70886b1238b9,,c0:98:e5:c0:00:38,,,http-awairlocal-publish,2021-11-16 13:03:47-05:00,570.0
5517,,,,,awair-omni_16052,,,,undefined,70886b1238b9,,c0:98:e5:c0:00:38,,,http-awairlocal-publish,2021-11-16 13:03:57-05:00,573.0
5518,,,,,awair-omni_16052,,,,undefined,70886b1238b9,,c0:98:e5:c0:00:38,,,http-awairlocal-publish,2021-11-16 13:04:07-05:00,577.0
5519,,,,,awair-omni_16052,,,,undefined,70886b1238b9,,c0:98:e5:c0:00:38,,,http-awairlocal-publish,2021-11-16 13:04:17-05:00,579.0
5520,,,,,awair-omni_16052,,,,undefined,70886b1238b9,,c0:98:e5:c0:00:38,,,http-awairlocal-publish,2021-11-16 13:04:28-05:00,581.0
5521,,,,,awair-omni_16052,,,,undefined,70886b1238b9,,c0:98:e5:c0:00:38,,,http-awairlocal-publish,2021-11-16 13:04:38-05:00,585.0
5522,,,,,awair-omni_16052,,,,undefined,70886b1238b9,,c0:98:e5:c0:00:38,,,http-awairlocal-publish,2021-11-16 13:04:48-05:00,588.0
5523,,,,,awair-omni_16052,,,,undefined,70886b1238b9,,c0:98:e5:c0:00:38,,,http-awairlocal-publish,2021-11-16 13:04:58-05:00,591.0
5524,,,,,awair-omni_16052,,,,undefined,70886b1238b9,,c0:98:e5:c0:00:38,,,http-awairlocal-publish,2021-11-16 13:05:08-05:00,593.0
5525,,,,,awair-omni_16052,,,,undefined,70886b1238b9,,c0:98:e5:c0:00:38,,,http-awairlocal-publish,2021-11-16 13:05:18-05:00,595.0
5526,,,,,awair-omni_16052,,,,undefined,70886b1238b9,,c0:98:e5:c0:00:38,,,http-awairlocal-publish,2021-11-16 13:05:28-05:00,597.0
5527,,,,,awair-omni_16052,,,,undefined,70886b1238b9,,c0:98:e5:c0:00:38,,,http-awairlocal-publish,2021-11-16 13:05:38-05:00,600.0
5528,,,,,awair-omni_16052,,,,undefined,70886b1238b9,,c0:98:e5:c0:00:38,,,http-awairlocal-publish,2021-11-16 13:05:48-05:00,605.0
5529,,,,,awair-omni_16052,,,,undefined,70886b1238b9,,c0:98:e5:c0:00:38,,,http-awairlocal-publish,2021-11-16 13:05:58-05:00,609.0
5530,,,,,awair-omni_16052,,,,undefined,70886b1238b9,,c0:98:e5:c0:00:38,,,http-awairlocal-publish,2021-11-16 13:06:08-05:00,612.0
5531,,,,,awair-omni_16052,,,,undefined,70886b1238b9,,c0:98:e5:c0:00:38,,,http-awairlocal-publish,2021-11-16 13:06:18-05:00,615.0
5532,,,,,awair-omni_16052,,,,undefined,70886b1238b9,,c0:98:e5:c0:00:38,,,http-awairlocal-publish,2021-11-16 13:06:28-05:00,620.0
5533,,,,,awair-omni_16052,,,,undefined,70886b1238b9,,c0:98:e5:c0:00:38,,,http-awairlocal-publish,2021-11-16 13:06:38-05:00,623.0
5534,,,,,awair-omni_16052,,,,undefined,70886b1238b9,,c0:98:e5:c0:00:38,,,http-awairlocal-publish,2021-11-16 13:06:48-05:00,626.0
5535,,,,,awair-omni_16052,,,,undefined,70886b1238b9,,c0:98:e5:c0:00:38,,,http-awairlocal-publish,2021-11-16 13:06:58-05:00,630.0
5536,,,,,awair-omni_16052,,,,undefined,70886b1238b9,,c0:98:e5:c0:00:38,,,http-awairlocal-publish,2021-11-16 13:07:08-05:00,633.0
5537,,,,,awair-omni_16052,,,,undefined,70886b1238b9,,c0:98:e5:c0:00:38,,,http-awairlocal-publish,2021-11-16 13:07:18-05:00,636.0
5538,,,,,awair-omni_16052,,,,undefined,70886b1238b9,,c0:98:e5:c0:00:38,,,http-awairlocal-publish,2021-11-16 13:07:28-05:00,639.0
5539,,,,,awair-omni_16052,,,,undefined,70886b1238b9,,c0:98:e5:c0:00:38,,,http-awairlocal-publish,2021-11-16 13:07:38-05:00,641.0
5540,,,,,awair-omni_16052,,,,undefined,70886b1238b9,,c0:98:e5:c0:00:38,,,http-awairlocal-publish,2021-11-16 13:07:48-05:00,644.0
5541,,,,,awair-omni_16052,,,,undefined,70886b1238b9,,c0:98:e5:c0:00:38,,,http-awairlocal-publish,2021-11-16 13:07:58-05:00,648.0
5542,,,,,awair-omni_16052,,,,undefined,70886b1238b9,,c0:98:e5:c0:00:38,,,http-awairlocal-publish,2021-11-16 13:08:08-05:00,653.0
5543,,,,,awair-omni_16052,,,,undefined,70886b1238b9,,c0:98:e5:c0:00:38,,,http-awairlocal-publish,2021-11-16 13:08:18-05:00,656.0
5544,,,,,awair-omni_16052,,,,undefined,70886b1238b9,,c0:98:e5:c0:00:38,,,http-awairlocal-publish,2021-11-16 13:08:28-05:00,660.0
5545,,,,,awair-omni_16052,,,,undefined,70886b1238b9,,c0:98:e5:c0:00:38,,,http-awairlocal-publish,2021-11-16 13:08:38-05:00,664.0
5546,,,,,awair-omni_16052,,,,undefined,70886b1238b9,,c0:98:e5:c0:00:38,,,http-awairlocal-publish,2021-11-16 13:08:48-05:00,668.0
5547,,,,,awair-omni_16052,,,,undefined,70886b1238b9,,c0:98:e5:c0:00:38,,,http-awairlocal-publish,2021-11-16 13:08:58-05:00,671.0
5548,,,,,awair-omni_16052,,,,undefined,70886b1238b9,,c0:98:e5:c0:00:38,,,http-awairlocal-publish,2021-11-16 13:09:08-05:00,675.0
5549,,,,,awair-omni_16052,,,,undefined,70886b1238b9,,c0:98:e5:c0:00:38,,,http-awairlocal-publish,2021-11-16 13:09:18-05:00,677.0
5550,,,,,awair-omni_16052,,,,undefined,70886b1238b9,,c0:98:e5:c0:00:38,,,http-awairlocal-publish,2021-11-16 13:09:28-05:00,680.0
5551,,,,,awair-omni_16052,,,,undefined,70886b1238b9,,c0:98:e5:c0:00:38,,,http-awairlocal-publish,2021-11-16 13:09:38-05:00,683.0
5552,,,,,awair-omni_16052,,,,undefined,70886b1238b9,,c0:98:e5:c0:00:38,,,http-awairlocal-publish,2021-11-16 13:09:48-05:00,686.0
5553,,,,,awair-omni_16052,,,,undefined,70886b1238b9,,c0:98:e5:c0:00:38,,,http-awairlocal-publish,2021-11-16 13:09:59-05:00,688.0
5554,,,,,awair-omni_16052,,,,undefined,70886b1238b9,,c0:98:e5:c0:00:38,,,http-awairlocal-publish,2021-11-16 13:10:09-05:00,691.0
5555,,,,,awair-omni_16052,,,,undefined,70886b1238b9,,c0:98:e5:c0:00:38,,,http-awairlocal-publish,2021-11-16 13:10:19-05:00,695.0
5556,,,,,awair-omni_16052,,,,undefined,70886b1238b9,,c0:98:e5:c0:00:38,,,http-awairlocal-publish,2021-11-16 13:10:29-05:00,698.0
5557,,,,,awair-omni_16052,,,,undefined,70886b1238b9,,c0:98:e5:c0:00:38,,,http-awairlocal-publish,2021-11-16 13:10:39-05:00,701.0
5558,,,,,awair-omni_16052,,,,undefined,70886b1238b9,,c0:98:e5:c0:00:38,,,http-awairlocal-publish,2021-11-16 13:10:49-05:00,704.0
5559,,,,,awair-omni_16052,,,,undefined,70886b1238b9,,c0:98:e5:c0:00:38,,,http-awairlocal-publish,2021-11-16 13:10:59-05:00,707.0
5560,,,,,awair-omni_16052,,,,undefined,70886b1238b9,,c0:98:e5:c0:00:38,,,http-awairlocal-publish,2021-11-16 13:11:09-05:00,710.0
5561,,,,,awair-omni_16052,,,,undefined,70886b1238b9,,c0:98:e5:c0:00:38,,,http-awairlocal-publish,2021-11-16 13:11:19-05:00,712.0
5562,,,,,awair-omni_16052,,,,undefined,70886b1238b9,,c0:98:e5:c0:00:38,,,http-awairlocal-publish,2021-11-16 13:11:29-05:00,714.0
5563,,,,,awair-omni_16052,,,,undefined,70886b1238b9,,c0:98:e5:c0:00:38,,,http-awairlocal-publish,2021-11-16 13:11:39-05:00,716.0
5564,,,,,awair-omni_16052,,,,undefined,70886b1238b9,,c0:98:e5:c0:00:38,,,http-awairlocal-publish,2021-11-16 13:11:49-05:00,720.0
5565,,,,,awair-omni_16052,,,,undefined,70886b1238b9,,c0:98:e5:c0:00:38,,,http-awairlocal-publish,2021-11-16 13:11:59-05:00,723.0
5566,,,,,awair-omni_16052,,,,undefined,70886b1238b9,,c0:98:e5:c0:00:38,,,http-awairlocal-publish,2021-11-16 13:12:09-05:00,727.0
5567,,,,,awair-omni_16052,,,,undefined,70886b1238b9,,c0:98:e5:c0:00:38,,,http-awairlocal-publish,2021-11-16 13:12:19-05:00,730.0
5568,,,,,awair-omni_16052,,,,undefined,70886b1238b9,,c0:98:e5:c0:00:38,,,http-awairlocal-publish,2021-11-16 13:12:29-05:00,734.0
5569,,,,,awair-omni_16052,,,,undefined,70886b1238b9,,c0:98:e5:c0:00:38,,,http-awairlocal-publish,2021-11-16 13:12:39-05:00,737.0
5570,,,,,awair-omni_16052,,,,undefined,70886b1238b9,,c0:98:e5:c0:00:38,,,http-awairlocal-publish,2021-11-16 13:12:49-05:00,741.0
5571,,,,,awair-omni_16052,,,,undefined,70886b1238b9,,c0:98:e5:c0:00:38,,,http-awairlocal-publish,2021-11-16 13:12:59-05:00,744.0
5572,,,,,awair-omni_16052,,,,undefined,70886b1238b9,,c0:98:e5:c0:00:38,,,http-awairlocal-publish,2021-11-16 13:13:09-05:00,746.0
5573,,,,,awair-omni_16052,,,,undefined,70886b1238b9,,c0:98:e5:c0:00:38,,,http-awairlocal-publish,2021-11-16 13:13:19-05:00,748.0
5574,,,,,awair-omni_16052,,,,undefined,70886b1238b9,,c0:98:e5:c0:00:38,,,http-awairlocal-publish,2021-11-16 13:13:29-05:00,751.0
5575,,,,,awair-omni_16052,,,,undefined,70886b1238b9,,c0:98:e5:c0:00:38,,,http-awairlocal-publish,2021-11-16 13:13:39-05:00,753.0
5576,,,,,awair-omni_16052,,,,undefined,70886b1238b9,,c0:98:e5:c0:00:38,,,http-awairlocal-publish,2021-11-16 13:13:49-05:00,755.0
5577,,,,,awair-omni_16052,,,,undefined,70886b1238b9,,c0:98:e5:c0:00:38,,,http-awairlocal-publish,2021-11-16 13:13:59-05:00,758.0
5578,,,,,awair-omni_16052,,,,undefined,70886b1238b9,,c0:98:e5:c0:00:38,,,http-awairlocal-publish,2021-11-16 13:14:09-05:00,761.0
5579,,,,,awair-omni_16052,,,,undefined,70886b1238b9,,c0:98:e5:c0:00:38,,,http-awairlocal-publish,2021-11-16 13:14:19-05:00,764.0
5580,,,,,awair-omni_16052,,,,undefined,70886b1238b9,,c0:98:e5:c0:00:38,,,http-awairlocal-publish,2021-11-16 13:14:29-05:00,767.0
5581,,,,,awair-omni_16052,,,,undefined,70886b1238b9,,c0:98:e5:c0:00:38,,,http-awairlocal-publish,2021-11-16 13:14:39-05:00,771.0
5582,,,,,awair-omni_16052,,,,undefined,70886b1238b9,,c0:98:e5:c0:00:38,,,http-awairlocal-publish,2021-11-16 13:14:49-05:00,774.0
5583,,,,,awair-omni_16052,,,,undefined,70886b1238b9,,c0:98:e5:c0:00:38,,,http-awairlocal-publish,2021-11-16 13:14:59-05:00,776.0
5584,,,,,awair-omni_16052,,,,undefined,70886b1238b9,,c0:98:e5:c0:00:38,,,http-awairlocal-publish,2021-11-16 13:15:10-05:00,778.0
5585,,,,,awair-omni_16052,,,,undefined,70886b1238b9,,c0:98:e5:c0:00:38,,,http-awairlocal-publish,2021-11-16 13:15:20-05:00,780.0
5586,,,,,awair-omni_16052,,,,undefined,70886b1238b9,,c0:98:e5:c0:00:38,,,http-awairlocal-publish,2021-11-16 13:15:30-05:00,782.0
5587,,,,,awair-omni_16052,,,,undefined,70886b1238b9,,c0:98:e5:c0:00:38,,,http-awairlocal-publish,2021-11-16 13:15:40-05:00,784.0
5588,,,,,awair-omni_16052,,,,undefined,70886b1238b9,,c0:98:e5:c0:00:38,,,http-awairlocal-publish,2021-11-16 13:15:50-05:00,786.0
5589,,,,,awair-omni_16052,,,,undefined,70886b1238b9,,c0:98:e5:c0:00:38,,,http-awairlocal-publish,2021-11-16 13:16:00-05:00,787.0
5590,,,,,awair-omni_16052,,,,undefined,70886b1238b9,,c0:98:e5:c0:00:38,,,http-awairlocal-publish,2021-11-16 13:16:10-05:00,789.0
5591,,,,,awair-omni_16052,,,,undefined,70886b1238b9,,c0:98:e5:c0:00:38,,,http-awairlocal-publish,2021-11-16 13:16:20-05:00,791.0
5592,,,,,awair-omni_16052,,,,undefined,70886b1238b9,,c0:98:e5:c0:00:38,,,http-awairlocal-publish,2021-11-16 13:16:30-05:00,793.0
5593,,,,,awair-omni_16052,,,,undefined,70886b1238b9,,c0:98:e5:c0:00:38,,,http-awairlocal-publish,2021-11-16 13:16:40-05:00,795.0
5594,,,,,awair-omni_16052,,,,undefined,70886b1238b9,,c0:98:e5:c0:00:38,,,http-awairlocal-publish,2021-11-16 13:16:50-05:00,797.0
5595,,,,,awair-omni_16052,,,,undefined,70886b1238b9,,c0:98:e5:c0:00:38,,,http-awairlocal-publish,2021-11-16 13:17:00-05:00,797.0
5596,,,,,awair-omni_16052,,,,undefined,70886b1238b9,,c0:98:e5:c0:00:38,,,http-awairlocal-publish,2021-11-16 13:17:10-05:00,798.0
5597,,,,,awair-omni_16052,,,,undefined,70886b1238b9,,c0:98:e5:c0:00:38,,,http-awairlocal-publish,2021-11-16 13:17:20-05:00,799.0
5598,,,,,awair-omni_16052,,,,undefined,70886b1238b9,,c0:98:e5:c0:00:38,,,http-awairlocal-publish,2021-11-16 13:17:30-05:00,799.0
5599,,,,,awair-omni_16052,,,,undefined,70886b1238b9,,c0:98:e5:c0:00:38,,,http-awairlocal-publish,2021-11-16 13:17:40-05:00,799.0
5600,,,,,awair-omni_16052,,,,undefined,70886b1238b9,,c0:98:e5:c0:00:38,,,http-awairlocal-publish,2021-11-16 13:17:50-05:00,800.0
5601,,,,,awair-omni_16052,,,,undefined,70886b1238b9,,c0:98:e5:c0:00:38,,,http-awairlocal-publish,2021-11-16 13:18:00-05:00,801.0
5602,,,,,awair-omni_16052,,,,undefined,70886b1238b9,,c0:98:e5:c0:00:38,,,http-awairlocal-publish,2021-11-16 13:18:10-05:00,802.0
5603,,,,,awair-omni_16052,,,,undefined,70886b1238b9,,c0:98:e5:c0:00:38,,,http-awairlocal-publish,2021-11-16 13:18:20-05:00,802.0
5604,,,,,awair-omni_16052,,,,undefined,70886b1238b9,,c0:98:e5:c0:00:38,,,http-awairlocal-publish,2021-11-16 13:18:30-05:00,803.0
5605,,,,,awair-omni_16052,,,,undefined,70886b1238b9,,c0:98:e5:c0:00:38,,,http-awairlocal-publish,2021-11-16 13:18:40-05:00,805.0
5606,,,,,awair-omni_16052,,,,undefined,70886b1238b9,,c0:98:e5:c0:00:38,,,http-awairlocal-publish,2021-11-16 13:18:50-05:00,807.0
5607,,,,,awair-omni_16052,,,,undefined,70886b1238b9,,c0:98:e5:c0:00:38,,,http-awairlocal-publish,2021-11-16 13:19:00-05:00,809.0
5608,,,,,awair-omni_16052,,,,undefined,70886b1238b9,,c0:98:e5:c0:00:38,,,http-awairlocal-publish,2021-11-16 13:19:10-05:00,810.0
5609,,,,,awair-omni_16052,,,,undefined,70886b1238b9,,c0:98:e5:c0:00:38,,,http-awairlocal-publish,2021-11-16 13:19:20-05:00,810.0
5610,,,,,awair-omni_16052,,,,undefined,70886b1238b9,,c0:98:e5:c0:00:38,,,http-awairlocal-publish,2021-11-16 13:19:30-05:00,812.0
5611,,,,,awair-omni_16052,,,,undefined,70886b1238b9,,c0:98:e5:c0:00:38,,,http-awairlocal-publish,2021-11-16 13:19:40-05:00,814.0
5612,,,,,awair-omni_16052,,,,undefined,70886b1238b9,,c0:98:e5:c0:00:38,,,http-awairlocal-publish,2021-11-16 13:19:50-05:00,815.0
5613,,,,,awair-omni_16052,,,,undefined,70886b1238b9,,c0:98:e5:c0:00:38,,,http-awairlocal-publish,2021-11-16 13:20:00-05:00,816.0
5614,,,,,awair-omni_16052,,,,undefined,70886b1238b9,,c0:98:e5:c0:00:38,,,http-awairlocal-publish,2021-11-16 13:20:10-05:00,815.0
5615,,,,,awair-omni_16052,,,,undefined,70886b1238b9,,c0:98:e5:c0:00:38,,,http-awairlocal-publish,2021-11-16 13:20:21-05:00,813.0
5616,,,,,awair-omni_16052,,,,undefined,70886b1238b9,,c0:98:e5:c0:00:38,,,http-awairlocal-publish,2021-11-16 13:20:31-05:00,813.0
5617,,,,,awair-omni_16052,,,,undefined,70886b1238b9,,c0:98:e5:c0:00:38,,,http-awairlocal-publish,2021-11-16 13:20:41-05:00,813.0
5618,,,,,awair-omni_16052,,,,undefined,70886b1238b9,,c0:98:e5:c0:00:38,,,http-awairlocal-publish,2021-11-16 13:20:51-05:00,813.0
5619,,,,,awair-omni_16052,,,,undefined,70886b1238b9,,c0:98:e5:c0:00:38,,,http-awairlocal-publish,2021-11-16 13:21:01-05:00,814.0
5620,,,,,awair-omni_16052,,,,undefined,70886b1238b9,,c0:98:e5:c0:00:38,,,http-awairlocal-publish,2021-11-16 13:21:11-05:00,814.0
5621,,,,,awair-omni_16052,,,,undefined,70886b1238b9,,c0:98:e5:c0:00:38,,,http-awairlocal-publish,2021-11-16 13:21:21-05:00,815.0
5622,,,,,awair-omni_16052,,,,undefined,70886b1238b9,,c0:98:e5:c0:00:38,,,http-awairlocal-publish,2021-11-16 13:21:31-05:00,816.0
5623,,,,,awair-omni_16052,,,,undefined,70886b1238b9,,c0:98:e5:c0:00:38,,,http-awairlocal-publish,2021-11-16 13:21:41-05:00,817.0
5624,,,,,awair-omni_16052,,,,undefined,70886b1238b9,,c0:98:e5:c0:00:38,,,http-awairlocal-publish,2021-11-16 13:21:51-05:00,818.0
5625,,,,,awair-omni_16052,,,,undefined,70886b1238b9,,c0:98:e5:c0:00:38,,,http-awairlocal-publish,2021-11-16 13:22:01-05:00,819.0
5626,,,,,awair-omni_16052,,,,undefined,70886b1238b9,,c0:98:e5:c0:00:38,,,http-awairlocal-publish,2021-11-16 13:22:11-05:00,818.0
5627,,,,,awair-omni_16052,,,,undefined,70886b1238b9,,c0:98:e5:c0:00:38,,,http-awairlocal-publish,2021-11-16 13:22:21-05:00,818.0
5628,,,,,awair-omni_16052,,,,undefined,70886b1238b9,,c0:98:e5:c0:00:38,,,http-awairlocal-publish,2021-11-16 13:22:31-05:00,817.0
5629,,,,,awair-omni_16052,,,,undefined,70886b1238b9,,c0:98:e5:c0:00:38,,,http-awairlocal-publish,2021-11-16 13:22:41-05:00,817.0
5630,,,,,awair-omni_16052,,,,undefined,70886b1238b9,,c0:98:e5:c0:00:38,,,http-awairlocal-publish,2021-11-16 13:22:51-05:00,817.0
5631,,,,,awair-omni_16052,,,,undefined,70886b1238b9,,c0:98:e5:c0:00:38,,,http-awairlocal-publish,2021-11-16 13:23:01-05:00,816.0
5632,,,,,awair-omni_16052,,,,undefined,70886b1238b9,,c0:98:e5:c0:00:38,,,http-awairlocal-publish,2021-11-16 13:23:11-05:00,816.0
5633,,,,,awair-omni_16052,,,,undefined,70886b1238b9,,c0:98:e5:c0:00:38,,,http-awairlocal-publish,2021-11-16 13:23:21-05:00,816.0
5634,,,,,awair-omni_16052,,,,undefined,70886b1238b9,,c0:98:e5:c0:00:38,,,http-awairlocal-publish,2021-11-16 13:23:31-05:00,815.0
5635,,,,,awair-omni_16052,,,,undefined,70886b1238b9,,c0:98:e5:c0:00:38,,,http-awairlocal-publish,2021-11-16 13:23:41-05:00,817.0
5636,,,,,awair-omni_16052,,,,undefined,70886b1238b9,,c0:98:e5:c0:00:38,,,http-awairlocal-publish,2021-11-16 13:23:51-05:00,816.0
5637,,,,,awair-omni_16052,,,,undefined,70886b1238b9,,c0:98:e5:c0:00:38,,,http-awairlocal-publish,2021-11-16 13:24:01-05:00,816.0
5638,,,,,awair-omni_16052,,,,undefined,70886b1238b9,,c0:98:e5:c0:00:38,,,http-awairlocal-publish,2021-11-16 13:24:11-05:00,818.0
5639,,,,,awair-omni_16052,,,,undefined,70886b1238b9,,c0:98:e5:c0:00:38,,,http-awairlocal-publish,2021-11-16 13:24:21-05:00,819.0
5640,,,,,awair-omni_16052,,,,undefined,70886b1238b9,,c0:98:e5:c0:00:38,,,http-awairlocal-publish,2021-11-16 13:24:31-05:00,820.0
5641,,,,,awair-omni_16052,,,,undefined,70886b1238b9,,c0:98:e5:c0:00:38,,,http-awairlocal-publish,2021-11-16 13:24:41-05:00,821.0
5642,,,,,awair-omni_16052,,,,undefined,70886b1238b9,,c0:98:e5:c0:00:38,,,http-awairlocal-publish,2021-11-16 13:24:51-05:00,823.0
5643,,,,,awair-omni_16052,,,,undefined,70886b1238b9,,c0:98:e5:c0:00:38,,,http-awairlocal-publish,2021-11-16 13:25:01-05:00,825.0
5644,,,,,awair-omni_16052,,,,undefined,70886b1238b9,,c0:98:e5:c0:00:38,,,http-awairlocal-publish,2021-11-16 13:25:11-05:00,827.0
5645,,,,,awair-omni_16052,,,,undefined,70886b1238b9,,c0:98:e5:c0:00:38,,,http-awairlocal-publish,2021-11-16 13:25:21-05:00,827.0
5646,,,,,awair-omni_16052,,,,undefined,70886b1238b9,,c0:98:e5:c0:00:38,,,http-awairlocal-publish,2021-11-16 13:25:32-05:00,828.0
5647,,,,,awair-omni_16052,,,,undefined,70886b1238b9,,c0:98:e5:c0:00:38,,,http-awairlocal-publish,2021-11-16 13:25:42-05:00,829.0
5648,,,,,awair-omni_16052,,,,undefined,70886b1238b9,,c0:98:e5:c0:00:38,,,http-awairlocal-publish,2021-11-16 13:25:52-05:00,830.0
5649,,,,,awair-omni_16052,,,,undefined,70886b1238b9,,c0:98:e5:c0:00:38,,,http-awairlocal-publish,2021-11-16 13:26:02-05:00,832.0
5650,,,,,awair-omni_16052,,,,undefined,70886b1238b9,,c0:98:e5:c0:00:38,,,http-awairlocal-publish,2021-11-16 13:26:12-05:00,834.0
5651,,,,,awair-omni_16052,,,,undefined,70886b1238b9,,c0:98:e5:c0:00:38,,,http-awairlocal-publish,2021-11-16 13:26:22-05:00,834.0
5652,,,,,awair-omni_16052,,,,undefined,70886b1238b9,,c0:98:e5:c0:00:38,,,http-awairlocal-publish,2021-11-16 13:26:32-05:00,835.0
5653,,,,,awair-omni_16052,,,,undefined,70886b1238b9,,c0:98:e5:c0:00:38,,,http-awairlocal-publish,2021-11-16 13:26:42-05:00,836.0
5654,,,,,awair-omni_16052,,,,undefined,70886b1238b9,,c0:98:e5:c0:00:38,,,http-awairlocal-publish,2021-11-16 13:26:52-05:00,836.0
5655,,,,,awair-omni_16052,,,,undefined,70886b1238b9,,c0:98:e5:c0:00:38,,,http-awairlocal-publish,2021-11-16 13:27:02-05:00,837.0
5656,,,,,awair-omni_16052,,,,undefined,70886b1238b9,,c0:98:e5:c0:00:38,,,http-awairlocal-publish,2021-11-16 13:27:12-05:00,839.0
5657,,,,,awair-omni_16052,,,,undefined,70886b1238b9,,c0:98:e5:c0:00:38,,,http-awairlocal-publish,2021-11-16 13:27:22-05:00,840.0
5658,,,,,awair-omni_16052,,,,undefined,70886b1238b9,,c0:98:e5:c0:00:38,,,http-awairlocal-publish,2021-11-16 13:27:32-05:00,839.0
5659,,,,,awair-omni_16052,,,,undefined,70886b1238b9,,c0:98:e5:c0:00:38,,,http-awairlocal-publish,2021-11-16 13:27:42-05:00,840.0
5660,,,,,awair-omni_16052,,,,undefined,70886b1238b9,,c0:98:e5:c0:00:38,,,http-awairlocal-publish,2021-11-16 13:27:52-05:00,842.0
5661,,,,,awair-omni_16052,,,,undefined,70886b1238b9,,c0:98:e5:c0:00:38,,,http-awairlocal-publish,2021-11-16 13:28:02-05:00,842.0
5662,,,,,awair-omni_16052,,,,undefined,70886b1238b9,,c0:98:e5:c0:00:38,,,http-awairlocal-publish,2021-11-16 13:28:12-05:00,842.0
5663,,,,,awair-omni_16052,,,,undefined,70886b1238b9,,c0:98:e5:c0:00:38,,,http-awairlocal-publish,2021-11-16 13:28:22-05:00,841.0
5664,,,,,awair-omni_16052,,,,undefined,70886b1238b9,,c0:98:e5:c0:00:38,,,http-awairlocal-publish,2021-11-16 13:28:32-05:00,841.0
5665,,,,,awair-omni_16052,,,,undefined,70886b1238b9,,c0:98:e5:c0:00:38,,,http-awairlocal-publish,2021-11-16 13:28:42-05:00,842.0
5666,,,,,awair-omni_16052,,,,undefined,70886b1238b9,,c0:98:e5:c0:00:38,,,http-awairlocal-publish,2021-11-16 13:28:52-05:00,842.0
5667,,,,,awair-omni_16052,,,,undefined,70886b1238b9,,c0:98:e5:c0:00:38,,,http-awairlocal-publish,2021-11-16 13:29:02-05:00,841.0
5668,,,,,awair-omni_16052,,,,undefined,70886b1238b9,,c0:98:e5:c0:00:38,,,http-awairlocal-publish,2021-11-16 13:29:12-05:00,841.0
5669,,,,,awair-omni_16052,,,,undefined,70886b1238b9,,c0:98:e5:c0:00:38,,,http-awairlocal-publish,2021-11-16 13:29:22-05:00,841.0
5670,,,,,awair-omni_16052,,,,undefined,70886b1238b9,,c0:98:e5:c0:00:38,,,http-awairlocal-publish,2021-11-16 13:29:32-05:00,843.0
5671,,,,,awair-omni_16052,,,,undefined,70886b1238b9,,c0:98:e5:c0:00:38,,,http-awairlocal-publish,2021-11-16 13:29:42-05:00,844.0
5672,,,,,awair-omni_16052,,,,undefined,70886b1238b9,,c0:98:e5:c0:00:38,,,http-awairlocal-publish,2021-11-16 13:29:52-05:00,844.0
5673,,,,,awair-omni_16052,,,,undefined,70886b1238b9,,c0:98:e5:c0:00:38,,,http-awairlocal-publish,2021-11-16 13:30:02-05:00,845.0
5674,,,,,awair-omni_16052,,,,undefined,70886b1238b9,,c0:98:e5:c0:00:38,,,http-awairlocal-publish,2021-11-16 13:30:12-05:00,846.0
5675,,,,,awair-omni_16052,,,,undefined,70886b1238b9,,c0:98:e5:c0:00:38,,,http-awairlocal-publish,2021-11-16 13:30:22-05:00,848.0
5676,,,,,awair-omni_16052,,,,undefined,70886b1238b9,,c0:98:e5:c0:00:38,,,http-awairlocal-publish,2021-11-16 13:30:32-05:00,849.0
5677,,,,,awair-omni_16052,,,,undefined,70886b1238b9,,c0:98:e5:c0:00:38,,,http-awairlocal-publish,2021-11-16 13:30:43-05:00,849.0
5678,,,,,awair-omni_16052,,,,undefined,70886b1238b9,,c0:98:e5:c0:00:38,,,http-awairlocal-publish,2021-11-16 13:30:53-05:00,850.0
5679,,,,,awair-omni_16052,,,,undefined,70886b1238b9,,c0:98:e5:c0:00:38,,,http-awairlocal-publish,2021-11-16 13:31:03-05:00,849.0
5680,,,,,awair-omni_16052,,,,undefined,70886b1238b9,,c0:98:e5:c0:00:38,,,http-awairlocal-publish,2021-11-16 13:31:13-05:00,850.0
5681,,,,,awair-omni_16052,,,,undefined,70886b1238b9,,c0:98:e5:c0:00:38,,,http-awairlocal-publish,2021-11-16 13:31:23-05:00,850.0
5682,,,,,awair-omni_16052,,,,undefined,70886b1238b9,,c0:98:e5:c0:00:38,,,http-awairlocal-publish,2021-11-16 13:31:33-05:00,850.0
5683,,,,,awair-omni_16052,,,,undefined,70886b1238b9,,c0:98:e5:c0:00:38,,,http-awairlocal-publish,2021-11-16 13:31:43-05:00,851.0
5684,,,,,awair-omni_16052,,,,undefined,70886b1238b9,,c0:98:e5:c0:00:38,,,http-awairlocal-publish,2021-11-16 13:31:53-05:00,852.0
5685,,,,,awair-omni_16052,,,,undefined,70886b1238b9,,c0:98:e5:c0:00:38,,,http-awairlocal-publish,2021-11-16 13:32:03-05:00,853.0
5686,,,,,awair-omni_16052,,,,undefined,70886b1238b9,,c0:98:e5:c0:00:38,,,http-awairlocal-publish,2021-11-16 13:32:13-05:00,854.0
5687,,,,,awair-omni_16052,,,,undefined,70886b1238b9,,c0:98:e5:c0:00:38,,,http-awairlocal-publish,2021-11-16 13:32:23-05:00,855.0
5688,,,,,awair-omni_16052,,,,undefined,70886b1238b9,,c0:98:e5:c0:00:38,,,http-awairlocal-publish,2021-11-16 13:32:33-05:00,855.0
5689,,,,,awair-omni_16052,,,,undefined,70886b1238b9,,c0:98:e5:c0:00:38,,,http-awairlocal-publish,2021-11-16 13:32:43-05:00,855.0
5690,,,,,awair-omni_16052,,,,undefined,70886b1238b9,,c0:98:e5:c0:00:38,,,http-awairlocal-publish,2021-11-16 13:32:53-05:00,856.0
5691,,,,,awair-omni_16052,,,,undefined,70886b1238b9,,c0:98:e5:c0:00:38,,,http-awairlocal-publish,2021-11-16 13:33:03-05:00,856.0
5692,,,,,awair-omni_16052,,,,undefined,70886b1238b9,,c0:98:e5:c0:00:38,,,http-awairlocal-publish,2021-11-16 13:33:13-05:00,856.0
5693,,,,,awair-omni_16052,,,,undefined,70886b1238b9,,c0:98:e5:c0:00:38,,,http-awairlocal-publish,2021-11-16 13:33:23-05:00,857.0
5694,,,,,awair-omni_16052,,,,undefined,70886b1238b9,,c0:98:e5:c0:00:38,,,http-awairlocal-publish,2021-11-16 13:33:33-05:00,858.0
5695,,,,,awair-omni_16052,,,,undefined,70886b1238b9,,c0:98:e5:c0:00:38,,,http-awairlocal-publish,2021-11-16 13:33:43-05:00,859.0
5696,,,,,awair-omni_16052,,,,undefined,70886b1238b9,,c0:98:e5:c0:00:38,,,http-awairlocal-publish,2021-11-16 13:33:53-05:00,859.0
5697,,,,,awair-omni_16052,,,,undefined,70886b1238b9,,c0:98:e5:c0:00:38,,,http-awairlocal-publish,2021-11-16 13:34:03-05:00,859.0
5698,,,,,awair-omni_16052,,,,undefined,70886b1238b9,,c0:98:e5:c0:00:38,,,http-awairlocal-publish,2021-11-16 13:34:13-05:00,859.0
5699,,,,,awair-omni_16052,,,,undefined,70886b1238b9,,c0:98:e5:c0:00:38,,,http-awairlocal-publish,2021-11-16 13:34:23-05:00,859.0
5700,,,,,awair-omni_16052,,,,undefined,70886b1238b9,,c0:98:e5:c0:00:38,,,http-awairlocal-publish,2021-11-16 13:34:33-05:00,859.0
5701,,,,,awair-omni_16052,,,,undefined,70886b1238b9,,c0:98:e5:c0:00:38,,,http-awairlocal-publish,2021-11-16 13:34:43-05:00,860.0
5702,,,,,awair-omni_16052,,,,undefined,70886b1238b9,,c0:98:e5:c0:00:38,,,http-awairlocal-publish,2021-11-16 13:34:53-05:00,861.0
5703,,,,,awair-omni_16052,,,,undefined,70886b1238b9,,c0:98:e5:c0:00:38,,,http-awairlocal-publish,2021-11-16 13:35:03-05:00,860.0
5704,,,,,awair-omni_16052,,,,undefined,70886b1238b9,,c0:98:e5:c0:00:38,,,http-awairlocal-publish,2021-11-16 13:35:13-05:00,860.0
5705,,,,,awair-omni_16052,,,,undefined,70886b1238b9,,c0:98:e5:c0:00:38,,,http-awairlocal-publish,2021-11-16 13:35:23-05:00,860.0
5706,,,,,awair-omni_16052,,,,undefined,70886b1238b9,,c0:98:e5:c0:00:38,,,http-awairlocal-publish,2021-11-16 13:35:33-05:00,860.0
5707,,,,,awair-omni_16052,,,,undefined,70886b1238b9,,c0:98:e5:c0:00:38,,,http-awairlocal-publish,2021-11-16 13:35:44-05:00,860.0
5708,,,,,awair-omni_16052,,,,undefined,70886b1238b9,,c0:98:e5:c0:00:38,,,http-awairlocal-publish,2021-11-16 13:35:54-05:00,860.0
5709,,,,,awair-omni_16052,,,,undefined,70886b1238b9,,c0:98:e5:c0:00:38,,,http-awairlocal-publish,2021-11-16 13:36:04-05:00,860.0
5710,,,,,awair-omni_16052,,,,undefined,70886b1238b9,,c0:98:e5:c0:00:38,,,http-awairlocal-publish,2021-11-16 13:36:14-05:00,860.0
5711,,,,,awair-omni_16052,,,,undefined,70886b1238b9,,c0:98:e5:c0:00:38,,,http-awairlocal-publish,2021-11-16 13:36:24-05:00,860.0
5712,,,,,awair-omni_16052,,,,undefined,70886b1238b9,,c0:98:e5:c0:00:38,,,http-awairlocal-publish,2021-11-16 13:36:34-05:00,862.0
5713,,,,,awair-omni_16052,,,,undefined,70886b1238b9,,c0:98:e5:c0:00:38,,,http-awairlocal-publish,2021-11-16 13:36:44-05:00,863.0
5714,,,,,awair-omni_16052,,,,undefined,70886b1238b9,,c0:98:e5:c0:00:38,,,http-awairlocal-publish,2021-11-16 13:36:54-05:00,865.0
5715,,,,,awair-omni_16052,,,,undefined,70886b1238b9,,c0:98:e5:c0:00:38,,,http-awairlocal-publish,2021-11-16 13:37:04-05:00,866.0
5716,,,,,awair-omni_16052,,,,undefined,70886b1238b9,,c0:98:e5:c0:00:38,,,http-awairlocal-publish,2021-11-16 13:37:14-05:00,867.0
5717,,,,,awair-omni_16052,,,,undefined,70886b1238b9,,c0:98:e5:c0:00:38,,,http-awairlocal-publish,2021-11-16 13:37:24-05:00,868.0
5718,,,,,awair-omni_16052,,,,undefined,70886b1238b9,,c0:98:e5:c0:00:38,,,http-awairlocal-publish,2021-11-16 13:37:34-05:00,870.0
5719,,,,,awair-omni_16052,,,,undefined,70886b1238b9,,c0:98:e5:c0:00:38,,,http-awairlocal-publish,2021-11-16 13:37:44-05:00,871.0
5720,,,,,awair-omni_16052,,,,undefined,70886b1238b9,,c0:98:e5:c0:00:38,,,http-awairlocal-publish,2021-11-16 13:37:54-05:00,872.0
5721,,,,,awair-omni_16052,,,,undefined,70886b1238b9,,c0:98:e5:c0:00:38,,,http-awairlocal-publish,2021-11-16 13:38:04-05:00,873.0
5722,,,,,awair-omni_16052,,,,undefined,70886b1238b9,,c0:98:e5:c0:00:38,,,http-awairlocal-publish,2021-11-16 13:38:14-05:00,874.0
5723,,,,,awair-omni_16052,,,,undefined,70886b1238b9,,c0:98:e5:c0:00:38,,,http-awairlocal-publish,2021-11-16 13:38:24-05:00,874.0
5724,,,,,awair-omni_16052,,,,undefined,70886b1238b9,,c0:98:e5:c0:00:38,,,http-awairlocal-publish,2021-11-16 13:38:34-05:00,875.0
5725,,,,,awair-omni_16052,,,,undefined,70886b1238b9,,c0:98:e5:c0:00:38,,,http-awairlocal-publish,2021-11-16 13:38:54-05:00,876.0
5726,,,,,awair-omni_16052,,,,undefined,70886b1238b9,,c0:98:e5:c0:00:38,,,http-awairlocal-publish,2021-11-16 13:39:04-05:00,877.0
5727,,,,,awair-omni_16052,,,,undefined,70886b1238b9,,c0:98:e5:c0:00:38,,,http-awairlocal-publish,2021-11-16 13:39:14-05:00,877.0
5728,,,,,awair-omni_16052,,,,undefined,70886b1238b9,,c0:98:e5:c0:00:38,,,http-awairlocal-publish,2021-11-16 13:39:24-05:00,877.0
5729,,,,,awair-omni_16052,,,,undefined,70886b1238b9,,c0:98:e5:c0:00:38,,,http-awairlocal-publish,2021-11-16 13:39:34-05:00,878.0
5730,,,,,awair-omni_16052,,,,undefined,70886b1238b9,,c0:98:e5:c0:00:38,,,http-awairlocal-publish,2021-11-16 13:39:44-05:00,879.0
5731,,,,,awair-omni_16052,,,,undefined,70886b1238b9,,c0:98:e5:c0:00:38,,,http-awairlocal-publish,2021-11-16 13:39:54-05:00,879.0
5732,,,,,awair-omni_16052,,,,undefined,70886b1238b9,,c0:98:e5:c0:00:38,,,http-awairlocal-publish,2021-11-16 13:40:04-05:00,879.0
5733,,,,,awair-omni_16052,,,,undefined,70886b1238b9,,c0:98:e5:c0:00:38,,,http-awairlocal-publish,2021-11-16 13:40:14-05:00,878.0
5734,,,,,awair-omni_16052,,,,undefined,70886b1238b9,,c0:98:e5:c0:00:38,,,http-awairlocal-publish,2021-11-16 13:40:24-05:00,878.0
5735,,,,,awair-omni_16052,,,,undefined,70886b1238b9,,c0:98:e5:c0:00:38,,,http-awairlocal-publish,2021-11-16 13:40:34-05:00,878.0
5736,,,,,awair-omni_16052,,,,undefined,70886b1238b9,,c0:98:e5:c0:00:38,,,http-awairlocal-publish,2021-11-16 13:40:44-05:00,879.0
5737,,,,,awair-omni_16052,,,,undefined,70886b1238b9,,c0:98:e5:c0:00:38,,,http-awairlocal-publish,2021-11-16 13:40:55-05:00,881.0
5738,,,,,awair-omni_16052,,,,undefined,70886b1238b9,,c0:98:e5:c0:00:38,,,http-awairlocal-publish,2021-11-16 13:41:05-05:00,881.0
5739,,,,,awair-omni_16052,,,,undefined,70886b1238b9,,c0:98:e5:c0:00:38,,,http-awairlocal-publish,2021-11-16 13:41:15-05:00,880.0
5740,,,,,awair-omni_16052,,,,undefined,70886b1238b9,,c0:98:e5:c0:00:38,,,http-awairlocal-publish,2021-11-16 13:41:25-05:00,881.0
5741,,,,,awair-omni_16052,,,,undefined,70886b1238b9,,c0:98:e5:c0:00:38,,,http-awairlocal-publish,2021-11-16 13:41:35-05:00,883.0
5742,,,,,awair-omni_16052,,,,undefined,70886b1238b9,,c0:98:e5:c0:00:38,,,http-awairlocal-publish,2021-11-16 13:41:45-05:00,883.0
5743,,,,,awair-omni_16052,,,,undefined,70886b1238b9,,c0:98:e5:c0:00:38,,,http-awairlocal-publish,2021-11-16 13:41:55-05:00,883.0
5744,,,,,awair-omni_16052,,,,undefined,70886b1238b9,,c0:98:e5:c0:00:38,,,http-awairlocal-publish,2021-11-16 13:42:05-05:00,883.0
5745,,,,,awair-omni_16052,,,,undefined,70886b1238b9,,c0:98:e5:c0:00:38,,,http-awairlocal-publish,2021-11-16 13:42:15-05:00,884.0
5746,,,,,awair-omni_16052,,,,undefined,70886b1238b9,,c0:98:e5:c0:00:38,,,http-awairlocal-publish,2021-11-16 13:42:25-05:00,885.0
5747,,,,,awair-omni_16052,,,,undefined,70886b1238b9,,c0:98:e5:c0:00:38,,,http-awairlocal-publish,2021-11-16 13:42:35-05:00,886.0
5748,,,,,awair-omni_16052,,,,undefined,70886b1238b9,,c0:98:e5:c0:00:38,,,http-awairlocal-publish,2021-11-16 13:42:45-05:00,887.0
5749,,,,,awair-omni_16052,,,,undefined,70886b1238b9,,c0:98:e5:c0:00:38,,,http-awairlocal-publish,2021-11-16 13:42:55-05:00,886.0
5750,,,,,awair-omni_16052,,,,undefined,70886b1238b9,,c0:98:e5:c0:00:38,,,http-awairlocal-publish,2021-11-16 13:43:05-05:00,886.0
5751,,,,,awair-omni_16052,,,,undefined,70886b1238b9,,c0:98:e5:c0:00:38,,,http-awairlocal-publish,2021-11-16 13:43:15-05:00,887.0
5752,,,,,awair-omni_16052,,,,undefined,70886b1238b9,,c0:98:e5:c0:00:38,,,http-awairlocal-publish,2021-11-16 13:43:25-05:00,888.0
5753,,,,,awair-omni_16052,,,,undefined,70886b1238b9,,c0:98:e5:c0:00:38,,,http-awairlocal-publish,2021-11-16 13:43:35-05:00,888.0
5754,,,,,awair-omni_16052,,,,undefined,70886b1238b9,,c0:98:e5:c0:00:38,,,http-awairlocal-publish,2021-11-16 13:43:45-05:00,888.0
5755,,,,,awair-omni_16052,,,,undefined,70886b1238b9,,c0:98:e5:c0:00:38,,,http-awairlocal-publish,2021-11-16 13:43:55-05:00,888.0
5756,,,,,awair-omni_16052,,,,undefined,70886b1238b9,,c0:98:e5:c0:00:38,,,http-awairlocal-publish,2021-11-16 13:44:05-05:00,886.0
5757,,,,,awair-omni_16052,,,,undefined,70886b1238b9,,c0:98:e5:c0:00:38,,,http-awairlocal-publish,2021-11-16 13:44:15-05:00,884.0
5758,,,,,awair-omni_16052,,,,undefined,70886b1238b9,,c0:98:e5:c0:00:38,,,http-awairlocal-publish,2021-11-16 13:44:25-05:00,883.0
5759,,,,,awair-omni_16052,,,,undefined,70886b1238b9,,c0:98:e5:c0:00:38,,,http-awairlocal-publish,2021-11-16 13:44:35-05:00,882.0
5760,,,,,awair-omni_16052,,,,undefined,70886b1238b9,,c0:98:e5:c0:00:38,,,http-awairlocal-publish,2021-11-16 13:44:45-05:00,881.0
5761,,,,,awair-omni_16052,,,,undefined,70886b1238b9,,c0:98:e5:c0:00:38,,,http-awairlocal-publish,2021-11-16 13:44:55-05:00,880.0
5762,,,,,awair-omni_16052,,,,undefined,70886b1238b9,,c0:98:e5:c0:00:38,,,http-awairlocal-publish,2021-11-16 13:45:05-05:00,879.0
5763,,,,,awair-omni_16052,,,,undefined,70886b1238b9,,c0:98:e5:c0:00:38,,,http-awairlocal-publish,2021-11-16 13:45:15-05:00,879.0
5764,,,,,awair-omni_16052,,,,undefined,70886b1238b9,,c0:98:e5:c0:00:38,,,http-awairlocal-publish,2021-11-16 13:45:25-05:00,880.0
5765,,,,,awair-omni_16052,,,,undefined,70886b1238b9,,c0:98:e5:c0:00:38,,,http-awairlocal-publish,2021-11-16 13:45:35-05:00,881.0
5766,,,,,awair-omni_16052,,,,undefined,70886b1238b9,,c0:98:e5:c0:00:38,,,http-awairlocal-publish,2021-11-16 13:45:45-05:00,882.0
5767,,,,,awair-omni_16052,,,,undefined,70886b1238b9,,c0:98:e5:c0:00:38,,,http-awairlocal-publish,2021-11-16 13:45:55-05:00,883.0
5768,,,,,awair-omni_16052,,,,undefined,70886b1238b9,,c0:98:e5:c0:00:38,,,http-awairlocal-publish,2021-11-16 13:46:06-05:00,885.0
5769,,,,,awair-omni_16052,,,,undefined,70886b1238b9,,c0:98:e5:c0:00:38,,,http-awairlocal-publish,2021-11-16 13:46:16-05:00,886.0
5770,,,,,awair-omni_16052,,,,undefined,70886b1238b9,,c0:98:e5:c0:00:38,,,http-awairlocal-publish,2021-11-16 13:46:26-05:00,886.0
5771,,,,,awair-omni_16052,,,,undefined,70886b1238b9,,c0:98:e5:c0:00:38,,,http-awairlocal-publish,2021-11-16 13:46:36-05:00,887.0
5772,,,,,awair-omni_16052,,,,undefined,70886b1238b9,,c0:98:e5:c0:00:38,,,http-awairlocal-publish,2021-11-16 13:46:46-05:00,887.0
5773,,,,,awair-omni_16052,,,,undefined,70886b1238b9,,c0:98:e5:c0:00:38,,,http-awairlocal-publish,2021-11-16 13:46:56-05:00,886.0
5774,,,,,awair-omni_16052,,,,undefined,70886b1238b9,,c0:98:e5:c0:00:38,,,http-awairlocal-publish,2021-11-16 13:47:06-05:00,885.0
5775,,,,,awair-omni_16052,,,,undefined,70886b1238b9,,c0:98:e5:c0:00:38,,,http-awairlocal-publish,2021-11-16 13:47:16-05:00,884.0
5776,,,,,awair-omni_16052,,,,undefined,70886b1238b9,,c0:98:e5:c0:00:38,,,http-awairlocal-publish,2021-11-16 13:47:26-05:00,885.0
5777,,,,,awair-omni_16052,,,,undefined,70886b1238b9,,c0:98:e5:c0:00:38,,,http-awairlocal-publish,2021-11-16 13:47:36-05:00,883.0
5778,,,,,awair-omni_16052,,,,undefined,70886b1238b9,,c0:98:e5:c0:00:38,,,http-awairlocal-publish,2021-11-16 13:47:46-05:00,883.0
5779,,,,,awair-omni_16052,,,,undefined,70886b1238b9,,c0:98:e5:c0:00:38,,,http-awairlocal-publish,2021-11-16 13:47:56-05:00,882.0
5780,,,,,awair-omni_16052,,,,undefined,70886b1238b9,,c0:98:e5:c0:00:38,,,http-awairlocal-publish,2021-11-16 13:48:06-05:00,881.0
5781,,,,,awair-omni_16052,,,,undefined,70886b1238b9,,c0:98:e5:c0:00:38,,,http-awairlocal-publish,2021-11-16 13:48:16-05:00,881.0
5782,,,,,awair-omni_16052,,,,undefined,70886b1238b9,,c0:98:e5:c0:00:38,,,http-awairlocal-publish,2021-11-16 13:48:26-05:00,881.0
5783,,,,,awair-omni_16052,,,,undefined,70886b1238b9,,c0:98:e5:c0:00:38,,,http-awairlocal-publish,2021-11-16 13:48:36-05:00,882.0
5784,,,,,awair-omni_16052,,,,undefined,70886b1238b9,,c0:98:e5:c0:00:38,,,http-awairlocal-publish,2021-11-16 13:48:46-05:00,881.0
5785,,,,,awair-omni_16052,,,,undefined,70886b1238b9,,c0:98:e5:c0:00:38,,,http-awairlocal-publish,2021-11-16 13:48:56-05:00,880.0
5786,,,,,awair-omni_16052,,,,undefined,70886b1238b9,,c0:98:e5:c0:00:38,,,http-awairlocal-publish,2021-11-16 13:49:06-05:00,879.0
5787,,,,,awair-omni_16052,,,,undefined,70886b1238b9,,c0:98:e5:c0:00:38,,,http-awairlocal-publish,2021-11-16 13:49:16-05:00,878.0
5788,,,,,awair-omni_16052,,,,undefined,70886b1238b9,,c0:98:e5:c0:00:38,,,http-awairlocal-publish,2021-11-16 13:49:26-05:00,878.0
5789,,,,,awair-omni_16052,,,,undefined,70886b1238b9,,c0:98:e5:c0:00:38,,,http-awairlocal-publish,2021-11-16 13:49:36-05:00,879.0
5790,,,,,awair-omni_16052,,,,undefined,70886b1238b9,,c0:98:e5:c0:00:38,,,http-awairlocal-publish,2021-11-16 13:49:46-05:00,880.0
5791,,,,,awair-omni_16052,,,,undefined,70886b1238b9,,c0:98:e5:c0:00:38,,,http-awairlocal-publish,2021-11-16 13:49:56-05:00,880.0
