,awair_device_uuid,controller_id,description,details,device_class,device_id,gateway_address,gateway_id,handler_id,location_general,location_specific,receiver,time,value
23630,awair-omni_16052,,,,undefined,70886b1238b9,,c0:98:e5:c0:00:38,,UVA,005 Olsson,http-awairlocal-publish,2021-11-30 13:00:10-05:00,85.0
23631,awair-omni_16052,,,,undefined,70886b1238b9,,c0:98:e5:c0:00:38,,UVA,005 Olsson,http-awairlocal-publish,2021-11-30 13:00:20-05:00,85.1
23632,awair-omni_16052,,,,undefined,70886b1238b9,,c0:98:e5:c0:00:38,,UVA,005 Olsson,http-awairlocal-publish,2021-11-30 13:00:30-05:00,85.4
23633,awair-omni_16052,,,,undefined,70886b1238b9,,c0:98:e5:c0:00:38,,UVA,005 Olsson,http-awairlocal-publish,2021-11-30 13:00:40-05:00,85.5
23634,awair-omni_16052,,,,undefined,70886b1238b9,,c0:98:e5:c0:00:38,,UVA,005 Olsson,http-awairlocal-publish,2021-11-30 13:00:50-05:00,85.4
23635,awair-omni_16052,,,,undefined,70886b1238b9,,c0:98:e5:c0:00:38,,UVA,005 Olsson,http-awairlocal-publish,2021-11-30 13:01:00-05:00,85.3
23636,awair-omni_16052,,,,undefined,70886b1238b9,,c0:98:e5:c0:00:38,,UVA,005 Olsson,http-awairlocal-publish,2021-11-30 13:01:10-05:00,85.1
23637,awair-omni_16052,,,,undefined,70886b1238b9,,c0:98:e5:c0:00:38,,UVA,005 Olsson,http-awairlocal-publish,2021-11-30 13:01:20-05:00,85.4
23638,awair-omni_16052,,,,undefined,70886b1238b9,,c0:98:e5:c0:00:38,,UVA,005 Olsson,http-awairlocal-publish,2021-11-30 13:01:30-05:00,85.4
23639,awair-omni_16052,,,,undefined,70886b1238b9,,c0:98:e5:c0:00:38,,UVA,005 Olsson,http-awairlocal-publish,2021-11-30 13:01:40-05:00,85.3
23640,awair-omni_16052,,,,undefined,70886b1238b9,,c0:98:e5:c0:00:38,,UVA,005 Olsson,http-awairlocal-publish,2021-11-30 13:01:50-05:00,84.8
23641,awair-omni_16052,,,,undefined,70886b1238b9,,c0:98:e5:c0:00:38,,UVA,005 Olsson,http-awairlocal-publish,2021-11-30 13:02:00-05:00,85.3
23642,awair-omni_16052,,,,undefined,70886b1238b9,,c0:98:e5:c0:00:38,,UVA,005 Olsson,http-awairlocal-publish,2021-11-30 13:02:10-05:00,85.0
23643,awair-omni_16052,,,,undefined,70886b1238b9,,c0:98:e5:c0:00:38,,UVA,005 Olsson,http-awairlocal-publish,2021-11-30 13:02:20-05:00,85.4
23644,awair-omni_16052,,,,undefined,70886b1238b9,,c0:98:e5:c0:00:38,,UVA,005 Olsson,http-awairlocal-publish,2021-11-30 13:02:30-05:00,85.5
23645,awair-omni_16052,,,,undefined,70886b1238b9,,c0:98:e5:c0:00:38,,UVA,005 Olsson,http-awairlocal-publish,2021-11-30 13:02:40-05:00,85.5
23646,awair-omni_16052,,,,undefined,70886b1238b9,,c0:98:e5:c0:00:38,,UVA,005 Olsson,http-awairlocal-publish,2021-11-30 13:02:50-05:00,85.7
23647,awair-omni_16052,,,,undefined,70886b1238b9,,c0:98:e5:c0:00:38,,UVA,005 Olsson,http-awairlocal-publish,2021-11-30 13:03:00-05:00,85.5
23648,awair-omni_16052,,,,undefined,70886b1238b9,,c0:98:e5:c0:00:38,,UVA,005 Olsson,http-awairlocal-publish,2021-11-30 13:03:10-05:00,85.1
23649,awair-omni_16052,,,,undefined,70886b1238b9,,c0:98:e5:c0:00:38,,UVA,005 Olsson,http-awairlocal-publish,2021-11-30 13:03:20-05:00,85.1
23650,awair-omni_16052,,,,undefined,70886b1238b9,,c0:98:e5:c0:00:38,,UVA,005 Olsson,http-awairlocal-publish,2021-11-30 13:03:30-05:00,85.1
23651,awair-omni_16052,,,,undefined,70886b1238b9,,c0:98:e5:c0:00:38,,UVA,005 Olsson,http-awairlocal-publish,2021-11-30 13:03:40-05:00,85.5
23652,awair-omni_16052,,,,undefined,70886b1238b9,,c0:98:e5:c0:00:38,,UVA,005 Olsson,http-awairlocal-publish,2021-11-30 13:03:50-05:00,85.4
23653,awair-omni_16052,,,,undefined,70886b1238b9,,c0:98:e5:c0:00:38,,UVA,005 Olsson,http-awairlocal-publish,2021-11-30 13:04:01-05:00,85.7
23654,awair-omni_16052,,,,undefined,70886b1238b9,,c0:98:e5:c0:00:38,,UVA,005 Olsson,http-awairlocal-publish,2021-11-30 13:04:11-05:00,85.9
23655,awair-omni_16052,,,,undefined,70886b1238b9,,c0:98:e5:c0:00:38,,UVA,005 Olsson,http-awairlocal-publish,2021-11-30 13:04:21-05:00,85.7
23656,awair-omni_16052,,,,undefined,70886b1238b9,,c0:98:e5:c0:00:38,,UVA,005 Olsson,http-awairlocal-publish,2021-11-30 13:04:31-05:00,85.6
23657,awair-omni_16052,,,,undefined,70886b1238b9,,c0:98:e5:c0:00:38,,UVA,005 Olsson,http-awairlocal-publish,2021-11-30 13:04:41-05:00,85.3
23658,awair-omni_16052,,,,undefined,70886b1238b9,,c0:98:e5:c0:00:38,,UVA,005 Olsson,http-awairlocal-publish,2021-11-30 13:04:51-05:00,85.4
23659,awair-omni_16052,,,,undefined,70886b1238b9,,c0:98:e5:c0:00:38,,UVA,005 Olsson,http-awairlocal-publish,2021-11-30 13:05:01-05:00,85.6
23660,awair-omni_16052,,,,undefined,70886b1238b9,,c0:98:e5:c0:00:38,,UVA,005 Olsson,http-awairlocal-publish,2021-11-30 13:05:11-05:00,85.6
23661,awair-omni_16052,,,,undefined,70886b1238b9,,c0:98:e5:c0:00:38,,UVA,005 Olsson,http-awairlocal-publish,2021-11-30 13:05:21-05:00,85.6
23662,awair-omni_16052,,,,undefined,70886b1238b9,,c0:98:e5:c0:00:38,,UVA,005 Olsson,http-awairlocal-publish,2021-11-30 13:05:31-05:00,85.9
23663,awair-omni_16052,,,,undefined,70886b1238b9,,c0:98:e5:c0:00:38,,UVA,005 Olsson,http-awairlocal-publish,2021-11-30 13:05:41-05:00,85.9
23664,awair-omni_16052,,,,undefined,70886b1238b9,,c0:98:e5:c0:00:38,,UVA,005 Olsson,http-awairlocal-publish,2021-11-30 13:05:51-05:00,85.9
23665,awair-omni_16052,,,,undefined,70886b1238b9,,c0:98:e5:c0:00:38,,UVA,005 Olsson,http-awairlocal-publish,2021-11-30 13:06:01-05:00,85.9
23666,awair-omni_16052,,,,undefined,70886b1238b9,,c0:98:e5:c0:00:38,,UVA,005 Olsson,http-awairlocal-publish,2021-11-30 13:06:11-05:00,86.1
23667,awair-omni_16052,,,,undefined,70886b1238b9,,c0:98:e5:c0:00:38,,UVA,005 Olsson,http-awairlocal-publish,2021-11-30 13:06:21-05:00,86.0
23668,awair-omni_16052,,,,undefined,70886b1238b9,,c0:98:e5:c0:00:38,,UVA,005 Olsson,http-awairlocal-publish,2021-11-30 13:06:31-05:00,85.9
23669,awair-omni_16052,,,,undefined,70886b1238b9,,c0:98:e5:c0:00:38,,UVA,005 Olsson,http-awairlocal-publish,2021-11-30 13:06:41-05:00,86.0
23670,awair-omni_16052,,,,undefined,70886b1238b9,,c0:98:e5:c0:00:38,,UVA,005 Olsson,http-awairlocal-publish,2021-11-30 13:06:51-05:00,86.0
23671,awair-omni_16052,,,,undefined,70886b1238b9,,c0:98:e5:c0:00:38,,UVA,005 Olsson,http-awairlocal-publish,2021-11-30 13:07:01-05:00,85.9
23672,awair-omni_16052,,,,undefined,70886b1238b9,,c0:98:e5:c0:00:38,,UVA,005 Olsson,http-awairlocal-publish,2021-11-30 13:07:11-05:00,86.1
23673,awair-omni_16052,,,,undefined,70886b1238b9,,c0:98:e5:c0:00:38,,UVA,005 Olsson,http-awairlocal-publish,2021-11-30 13:07:21-05:00,86.1
23674,awair-omni_16052,,,,undefined,70886b1238b9,,c0:98:e5:c0:00:38,,UVA,005 Olsson,http-awairlocal-publish,2021-11-30 13:07:31-05:00,86.0
23675,awair-omni_16052,,,,undefined,70886b1238b9,,c0:98:e5:c0:00:38,,UVA,005 Olsson,http-awairlocal-publish,2021-11-30 13:07:41-05:00,86.1
23676,awair-omni_16052,,,,undefined,70886b1238b9,,c0:98:e5:c0:00:38,,UVA,005 Olsson,http-awairlocal-publish,2021-11-30 13:07:51-05:00,86.1
23677,awair-omni_16052,,,,undefined,70886b1238b9,,c0:98:e5:c0:00:38,,UVA,005 Olsson,http-awairlocal-publish,2021-11-30 13:08:01-05:00,86.0
23678,awair-omni_16052,,,,undefined,70886b1238b9,,c0:98:e5:c0:00:38,,UVA,005 Olsson,http-awairlocal-publish,2021-11-30 13:08:11-05:00,85.9
23679,awair-omni_16052,,,,undefined,70886b1238b9,,c0:98:e5:c0:00:38,,UVA,005 Olsson,http-awairlocal-publish,2021-11-30 13:08:21-05:00,86.0
23680,awair-omni_16052,,,,undefined,70886b1238b9,,c0:98:e5:c0:00:38,,UVA,005 Olsson,http-awairlocal-publish,2021-11-30 13:08:31-05:00,86.0
23681,awair-omni_16052,,,,undefined,70886b1238b9,,c0:98:e5:c0:00:38,,UVA,005 Olsson,http-awairlocal-publish,2021-11-30 13:08:41-05:00,85.9
23682,awair-omni_16052,,,,undefined,70886b1238b9,,c0:98:e5:c0:00:38,,UVA,005 Olsson,http-awairlocal-publish,2021-11-30 13:08:51-05:00,86.0
23683,awair-omni_16052,,,,undefined,70886b1238b9,,c0:98:e5:c0:00:38,,UVA,005 Olsson,http-awairlocal-publish,2021-11-30 13:09:01-05:00,85.6
23684,awair-omni_16052,,,,undefined,70886b1238b9,,c0:98:e5:c0:00:38,,UVA,005 Olsson,http-awairlocal-publish,2021-11-30 13:09:12-05:00,85.4
23685,awair-omni_16052,,,,undefined,70886b1238b9,,c0:98:e5:c0:00:38,,UVA,005 Olsson,http-awairlocal-publish,2021-11-30 13:09:22-05:00,85.6
23686,awair-omni_16052,,,,undefined,70886b1238b9,,c0:98:e5:c0:00:38,,UVA,005 Olsson,http-awairlocal-publish,2021-11-30 13:09:32-05:00,85.6
23687,awair-omni_16052,,,,undefined,70886b1238b9,,c0:98:e5:c0:00:38,,UVA,005 Olsson,http-awairlocal-publish,2021-11-30 13:09:42-05:00,85.4
23688,awair-omni_16052,,,,undefined,70886b1238b9,,c0:98:e5:c0:00:38,,UVA,005 Olsson,http-awairlocal-publish,2021-11-30 13:09:52-05:00,85.6
23689,awair-omni_16052,,,,undefined,70886b1238b9,,c0:98:e5:c0:00:38,,UVA,005 Olsson,http-awairlocal-publish,2021-11-30 13:10:02-05:00,85.4
23690,awair-omni_16052,,,,undefined,70886b1238b9,,c0:98:e5:c0:00:38,,UVA,005 Olsson,http-awairlocal-publish,2021-11-30 13:10:12-05:00,85.3
23691,awair-omni_16052,,,,undefined,70886b1238b9,,c0:98:e5:c0:00:38,,UVA,005 Olsson,http-awairlocal-publish,2021-11-30 13:10:22-05:00,85.0
23692,awair-omni_16052,,,,undefined,70886b1238b9,,c0:98:e5:c0:00:38,,UVA,005 Olsson,http-awairlocal-publish,2021-11-30 13:10:32-05:00,85.3
23693,awair-omni_16052,,,,undefined,70886b1238b9,,c0:98:e5:c0:00:38,,UVA,005 Olsson,http-awairlocal-publish,2021-11-30 13:10:42-05:00,85.3
23694,awair-omni_16052,,,,undefined,70886b1238b9,,c0:98:e5:c0:00:38,,UVA,005 Olsson,http-awairlocal-publish,2021-11-30 13:10:52-05:00,85.5
23695,awair-omni_16052,,,,undefined,70886b1238b9,,c0:98:e5:c0:00:38,,UVA,005 Olsson,http-awairlocal-publish,2021-11-30 13:11:02-05:00,85.4
23696,awair-omni_16052,,,,undefined,70886b1238b9,,c0:98:e5:c0:00:38,,UVA,005 Olsson,http-awairlocal-publish,2021-11-30 13:11:12-05:00,85.6
23697,awair-omni_16052,,,,undefined,70886b1238b9,,c0:98:e5:c0:00:38,,UVA,005 Olsson,http-awairlocal-publish,2021-11-30 13:11:22-05:00,85.6
23698,awair-omni_16052,,,,undefined,70886b1238b9,,c0:98:e5:c0:00:38,,UVA,005 Olsson,http-awairlocal-publish,2021-11-30 13:11:32-05:00,85.7
23699,awair-omni_16052,,,,undefined,70886b1238b9,,c0:98:e5:c0:00:38,,UVA,005 Olsson,http-awairlocal-publish,2021-11-30 13:11:42-05:00,85.6
23700,awair-omni_16052,,,,undefined,70886b1238b9,,c0:98:e5:c0:00:38,,UVA,005 Olsson,http-awairlocal-publish,2021-11-30 13:11:52-05:00,86.1
23701,awair-omni_16052,,,,undefined,70886b1238b9,,c0:98:e5:c0:00:38,,UVA,005 Olsson,http-awairlocal-publish,2021-11-30 13:12:02-05:00,85.7
23702,awair-omni_16052,,,,undefined,70886b1238b9,,c0:98:e5:c0:00:38,,UVA,005 Olsson,http-awairlocal-publish,2021-11-30 13:12:12-05:00,85.4
23703,awair-omni_16052,,,,undefined,70886b1238b9,,c0:98:e5:c0:00:38,,UVA,005 Olsson,http-awairlocal-publish,2021-11-30 13:12:22-05:00,85.4
23704,awair-omni_16052,,,,undefined,70886b1238b9,,c0:98:e5:c0:00:38,,UVA,005 Olsson,http-awairlocal-publish,2021-11-30 13:12:32-05:00,85.4
23705,awair-omni_16052,,,,undefined,70886b1238b9,,c0:98:e5:c0:00:38,,UVA,005 Olsson,http-awairlocal-publish,2021-11-30 13:12:42-05:00,85.4
23706,awair-omni_16052,,,,undefined,70886b1238b9,,c0:98:e5:c0:00:38,,UVA,005 Olsson,http-awairlocal-publish,2021-11-30 13:12:52-05:00,85.6
23707,awair-omni_16052,,,,undefined,70886b1238b9,,c0:98:e5:c0:00:38,,UVA,005 Olsson,http-awairlocal-publish,2021-11-30 13:13:02-05:00,86.0
23708,awair-omni_16052,,,,undefined,70886b1238b9,,c0:98:e5:c0:00:38,,UVA,005 Olsson,http-awairlocal-publish,2021-11-30 13:13:12-05:00,85.7
23709,awair-omni_16052,,,,undefined,70886b1238b9,,c0:98:e5:c0:00:38,,UVA,005 Olsson,http-awairlocal-publish,2021-11-30 13:13:22-05:00,86.1
23710,awair-omni_16052,,,,undefined,70886b1238b9,,c0:98:e5:c0:00:38,,UVA,005 Olsson,http-awairlocal-publish,2021-11-30 13:13:32-05:00,86.1
23711,awair-omni_16052,,,,undefined,70886b1238b9,,c0:98:e5:c0:00:38,,UVA,005 Olsson,http-awairlocal-publish,2021-11-30 13:13:42-05:00,85.6
23712,awair-omni_16052,,,,undefined,70886b1238b9,,c0:98:e5:c0:00:38,,UVA,005 Olsson,http-awairlocal-publish,2021-11-30 13:13:52-05:00,86.0
23713,awair-omni_16052,,,,undefined,70886b1238b9,,c0:98:e5:c0:00:38,,UVA,005 Olsson,http-awairlocal-publish,2021-11-30 13:14:02-05:00,86.1
23714,awair-omni_16052,,,,undefined,70886b1238b9,,c0:98:e5:c0:00:38,,UVA,005 Olsson,http-awairlocal-publish,2021-11-30 13:14:12-05:00,85.7
23715,awair-omni_16052,,,,undefined,70886b1238b9,,c0:98:e5:c0:00:38,,UVA,005 Olsson,http-awairlocal-publish,2021-11-30 13:14:23-05:00,85.7
23716,awair-omni_16052,,,,undefined,70886b1238b9,,c0:98:e5:c0:00:38,,UVA,005 Olsson,http-awairlocal-publish,2021-11-30 13:14:33-05:00,85.4
23717,awair-omni_16052,,,,undefined,70886b1238b9,,c0:98:e5:c0:00:38,,UVA,005 Olsson,http-awairlocal-publish,2021-11-30 13:14:43-05:00,85.4
23718,awair-omni_16052,,,,undefined,70886b1238b9,,c0:98:e5:c0:00:38,,UVA,005 Olsson,http-awairlocal-publish,2021-11-30 13:14:53-05:00,85.3
23719,awair-omni_16052,,,,undefined,70886b1238b9,,c0:98:e5:c0:00:38,,UVA,005 Olsson,http-awairlocal-publish,2021-11-30 13:15:03-05:00,85.4
23720,awair-omni_16052,,,,undefined,70886b1238b9,,c0:98:e5:c0:00:38,,UVA,005 Olsson,http-awairlocal-publish,2021-11-30 13:15:13-05:00,85.4
23721,awair-omni_16052,,,,undefined,70886b1238b9,,c0:98:e5:c0:00:38,,UVA,005 Olsson,http-awairlocal-publish,2021-11-30 13:15:23-05:00,85.4
23722,awair-omni_16052,,,,undefined,70886b1238b9,,c0:98:e5:c0:00:38,,UVA,005 Olsson,http-awairlocal-publish,2021-11-30 13:15:33-05:00,85.4
23723,awair-omni_16052,,,,undefined,70886b1238b9,,c0:98:e5:c0:00:38,,UVA,005 Olsson,http-awairlocal-publish,2021-11-30 13:15:43-05:00,85.3
23724,awair-omni_16052,,,,undefined,70886b1238b9,,c0:98:e5:c0:00:38,,UVA,005 Olsson,http-awairlocal-publish,2021-11-30 13:15:53-05:00,85.5
23725,awair-omni_16052,,,,undefined,70886b1238b9,,c0:98:e5:c0:00:38,,UVA,005 Olsson,http-awairlocal-publish,2021-11-30 13:16:03-05:00,85.9
23726,awair-omni_16052,,,,undefined,70886b1238b9,,c0:98:e5:c0:00:38,,UVA,005 Olsson,http-awairlocal-publish,2021-11-30 13:16:13-05:00,85.7
23727,awair-omni_16052,,,,undefined,70886b1238b9,,c0:98:e5:c0:00:38,,UVA,005 Olsson,http-awairlocal-publish,2021-11-30 13:16:23-05:00,85.7
23728,awair-omni_16052,,,,undefined,70886b1238b9,,c0:98:e5:c0:00:38,,UVA,005 Olsson,http-awairlocal-publish,2021-11-30 13:16:33-05:00,86.0
23729,awair-omni_16052,,,,undefined,70886b1238b9,,c0:98:e5:c0:00:38,,UVA,005 Olsson,http-awairlocal-publish,2021-11-30 13:16:43-05:00,85.7
23730,awair-omni_16052,,,,undefined,70886b1238b9,,c0:98:e5:c0:00:38,,UVA,005 Olsson,http-awairlocal-publish,2021-11-30 13:16:53-05:00,85.6
23731,awair-omni_16052,,,,undefined,70886b1238b9,,c0:98:e5:c0:00:38,,UVA,005 Olsson,http-awairlocal-publish,2021-11-30 13:17:03-05:00,85.7
23732,awair-omni_16052,,,,undefined,70886b1238b9,,c0:98:e5:c0:00:38,,UVA,005 Olsson,http-awairlocal-publish,2021-11-30 13:17:13-05:00,85.7
23733,awair-omni_16052,,,,undefined,70886b1238b9,,c0:98:e5:c0:00:38,,UVA,005 Olsson,http-awairlocal-publish,2021-11-30 13:17:23-05:00,85.9
23734,awair-omni_16052,,,,undefined,70886b1238b9,,c0:98:e5:c0:00:38,,UVA,005 Olsson,http-awairlocal-publish,2021-11-30 13:17:33-05:00,85.9
23735,awair-omni_16052,,,,undefined,70886b1238b9,,c0:98:e5:c0:00:38,,UVA,005 Olsson,http-awairlocal-publish,2021-11-30 13:17:43-05:00,85.7
23736,awair-omni_16052,,,,undefined,70886b1238b9,,c0:98:e5:c0:00:38,,UVA,005 Olsson,http-awairlocal-publish,2021-11-30 13:17:53-05:00,85.7
23737,awair-omni_16052,,,,undefined,70886b1238b9,,c0:98:e5:c0:00:38,,UVA,005 Olsson,http-awairlocal-publish,2021-11-30 13:18:03-05:00,85.7
23738,awair-omni_16052,,,,undefined,70886b1238b9,,c0:98:e5:c0:00:38,,UVA,005 Olsson,http-awairlocal-publish,2021-11-30 13:18:13-05:00,85.7
23739,awair-omni_16052,,,,undefined,70886b1238b9,,c0:98:e5:c0:00:38,,UVA,005 Olsson,http-awairlocal-publish,2021-11-30 13:18:23-05:00,85.7
23740,awair-omni_16052,,,,undefined,70886b1238b9,,c0:98:e5:c0:00:38,,UVA,005 Olsson,http-awairlocal-publish,2021-11-30 13:18:33-05:00,85.9
23741,awair-omni_16052,,,,undefined,70886b1238b9,,c0:98:e5:c0:00:38,,UVA,005 Olsson,http-awairlocal-publish,2021-11-30 13:18:43-05:00,85.7
23742,awair-omni_16052,,,,undefined,70886b1238b9,,c0:98:e5:c0:00:38,,UVA,005 Olsson,http-awairlocal-publish,2021-11-30 13:18:53-05:00,85.7
23743,awair-omni_16052,,,,undefined,70886b1238b9,,c0:98:e5:c0:00:38,,UVA,005 Olsson,http-awairlocal-publish,2021-11-30 13:19:03-05:00,85.7
23744,awair-omni_16052,,,,undefined,70886b1238b9,,c0:98:e5:c0:00:38,,UVA,005 Olsson,http-awairlocal-publish,2021-11-30 13:19:13-05:00,85.6
23745,awair-omni_16052,,,,undefined,70886b1238b9,,c0:98:e5:c0:00:38,,UVA,005 Olsson,http-awairlocal-publish,2021-11-30 13:19:23-05:00,85.4
23746,awair-omni_16052,,,,undefined,70886b1238b9,,c0:98:e5:c0:00:38,,UVA,005 Olsson,http-awairlocal-publish,2021-11-30 13:19:34-05:00,85.7
23747,awair-omni_16052,,,,undefined,70886b1238b9,,c0:98:e5:c0:00:38,,UVA,005 Olsson,http-awairlocal-publish,2021-11-30 13:19:44-05:00,85.4
23748,awair-omni_16052,,,,undefined,70886b1238b9,,c0:98:e5:c0:00:38,,UVA,005 Olsson,http-awairlocal-publish,2021-11-30 13:19:54-05:00,85.9
23749,awair-omni_16052,,,,undefined,70886b1238b9,,c0:98:e5:c0:00:38,,UVA,005 Olsson,http-awairlocal-publish,2021-11-30 13:20:04-05:00,86.0
23750,awair-omni_16052,,,,undefined,70886b1238b9,,c0:98:e5:c0:00:38,,UVA,005 Olsson,http-awairlocal-publish,2021-11-30 13:20:14-05:00,86.0
23751,awair-omni_16052,,,,undefined,70886b1238b9,,c0:98:e5:c0:00:38,,UVA,005 Olsson,http-awairlocal-publish,2021-11-30 13:20:24-05:00,85.9
23752,awair-omni_16052,,,,undefined,70886b1238b9,,c0:98:e5:c0:00:38,,UVA,005 Olsson,http-awairlocal-publish,2021-11-30 13:20:34-05:00,86.0
23753,awair-omni_16052,,,,undefined,70886b1238b9,,c0:98:e5:c0:00:38,,UVA,005 Olsson,http-awairlocal-publish,2021-11-30 13:20:44-05:00,86.0
23754,awair-omni_16052,,,,undefined,70886b1238b9,,c0:98:e5:c0:00:38,,UVA,005 Olsson,http-awairlocal-publish,2021-11-30 13:20:54-05:00,85.7
23755,awair-omni_16052,,,,undefined,70886b1238b9,,c0:98:e5:c0:00:38,,UVA,005 Olsson,http-awairlocal-publish,2021-11-30 13:21:04-05:00,85.6
23756,awair-omni_16052,,,,undefined,70886b1238b9,,c0:98:e5:c0:00:38,,UVA,005 Olsson,http-awairlocal-publish,2021-11-30 13:21:14-05:00,85.7
23757,awair-omni_16052,,,,undefined,70886b1238b9,,c0:98:e5:c0:00:38,,UVA,005 Olsson,http-awairlocal-publish,2021-11-30 13:21:24-05:00,85.4
23758,awair-omni_16052,,,,undefined,70886b1238b9,,c0:98:e5:c0:00:38,,UVA,005 Olsson,http-awairlocal-publish,2021-11-30 13:21:34-05:00,85.6
23759,awair-omni_16052,,,,undefined,70886b1238b9,,c0:98:e5:c0:00:38,,UVA,005 Olsson,http-awairlocal-publish,2021-11-30 13:21:44-05:00,85.7
23760,awair-omni_16052,,,,undefined,70886b1238b9,,c0:98:e5:c0:00:38,,UVA,005 Olsson,http-awairlocal-publish,2021-11-30 13:21:54-05:00,85.6
23761,awair-omni_16052,,,,undefined,70886b1238b9,,c0:98:e5:c0:00:38,,UVA,005 Olsson,http-awairlocal-publish,2021-11-30 13:22:04-05:00,85.4
23762,awair-omni_16052,,,,undefined,70886b1238b9,,c0:98:e5:c0:00:38,,UVA,005 Olsson,http-awairlocal-publish,2021-11-30 13:22:14-05:00,85.4
23763,awair-omni_16052,,,,undefined,70886b1238b9,,c0:98:e5:c0:00:38,,UVA,005 Olsson,http-awairlocal-publish,2021-11-30 13:22:24-05:00,85.4
23764,awair-omni_16052,,,,undefined,70886b1238b9,,c0:98:e5:c0:00:38,,UVA,005 Olsson,http-awairlocal-publish,2021-11-30 13:22:34-05:00,85.6
23765,awair-omni_16052,,,,undefined,70886b1238b9,,c0:98:e5:c0:00:38,,UVA,005 Olsson,http-awairlocal-publish,2021-11-30 13:22:44-05:00,85.9
23766,awair-omni_16052,,,,undefined,70886b1238b9,,c0:98:e5:c0:00:38,,UVA,005 Olsson,http-awairlocal-publish,2021-11-30 13:22:54-05:00,85.9
23767,awair-omni_16052,,,,undefined,70886b1238b9,,c0:98:e5:c0:00:38,,UVA,005 Olsson,http-awairlocal-publish,2021-11-30 13:23:04-05:00,85.9
23768,awair-omni_16052,,,,undefined,70886b1238b9,,c0:98:e5:c0:00:38,,UVA,005 Olsson,http-awairlocal-publish,2021-11-30 13:23:14-05:00,85.7
23769,awair-omni_16052,,,,undefined,70886b1238b9,,c0:98:e5:c0:00:38,,UVA,005 Olsson,http-awairlocal-publish,2021-11-30 13:23:24-05:00,85.5
23770,awair-omni_16052,,,,undefined,70886b1238b9,,c0:98:e5:c0:00:38,,UVA,005 Olsson,http-awairlocal-publish,2021-11-30 13:23:34-05:00,85.1
23771,awair-omni_16052,,,,undefined,70886b1238b9,,c0:98:e5:c0:00:38,,UVA,005 Olsson,http-awairlocal-publish,2021-11-30 13:23:44-05:00,85.4
23772,awair-omni_16052,,,,undefined,70886b1238b9,,c0:98:e5:c0:00:38,,UVA,005 Olsson,http-awairlocal-publish,2021-11-30 13:23:54-05:00,85.1
23773,awair-omni_16052,,,,undefined,70886b1238b9,,c0:98:e5:c0:00:38,,UVA,005 Olsson,http-awairlocal-publish,2021-11-30 13:24:04-05:00,85.4
23774,awair-omni_16052,,,,undefined,70886b1238b9,,c0:98:e5:c0:00:38,,UVA,005 Olsson,http-awairlocal-publish,2021-11-30 13:24:14-05:00,85.1
23775,awair-omni_16052,,,,undefined,70886b1238b9,,c0:98:e5:c0:00:38,,UVA,005 Olsson,http-awairlocal-publish,2021-11-30 13:24:24-05:00,85.4
23776,awair-omni_16052,,,,undefined,70886b1238b9,,c0:98:e5:c0:00:38,,UVA,005 Olsson,http-awairlocal-publish,2021-11-30 13:24:34-05:00,85.4
23777,awair-omni_16052,,,,undefined,70886b1238b9,,c0:98:e5:c0:00:38,,UVA,005 Olsson,http-awairlocal-publish,2021-11-30 13:24:45-05:00,85.5
23778,awair-omni_16052,,,,undefined,70886b1238b9,,c0:98:e5:c0:00:38,,UVA,005 Olsson,http-awairlocal-publish,2021-11-30 13:24:55-05:00,85.4
23779,awair-omni_16052,,,,undefined,70886b1238b9,,c0:98:e5:c0:00:38,,UVA,005 Olsson,http-awairlocal-publish,2021-11-30 13:25:05-05:00,85.1
23780,awair-omni_16052,,,,undefined,70886b1238b9,,c0:98:e5:c0:00:38,,UVA,005 Olsson,http-awairlocal-publish,2021-11-30 13:25:15-05:00,85.3
23781,awair-omni_16052,,,,undefined,70886b1238b9,,c0:98:e5:c0:00:38,,UVA,005 Olsson,http-awairlocal-publish,2021-11-30 13:25:25-05:00,85.3
23782,awair-omni_16052,,,,undefined,70886b1238b9,,c0:98:e5:c0:00:38,,UVA,005 Olsson,http-awairlocal-publish,2021-11-30 13:25:35-05:00,85.1
23783,awair-omni_16052,,,,undefined,70886b1238b9,,c0:98:e5:c0:00:38,,UVA,005 Olsson,http-awairlocal-publish,2021-11-30 13:25:45-05:00,85.5
23784,awair-omni_16052,,,,undefined,70886b1238b9,,c0:98:e5:c0:00:38,,UVA,005 Olsson,http-awairlocal-publish,2021-11-30 13:25:55-05:00,85.5
23785,awair-omni_16052,,,,undefined,70886b1238b9,,c0:98:e5:c0:00:38,,UVA,005 Olsson,http-awairlocal-publish,2021-11-30 13:26:05-05:00,85.3
23786,awair-omni_16052,,,,undefined,70886b1238b9,,c0:98:e5:c0:00:38,,UVA,005 Olsson,http-awairlocal-publish,2021-11-30 13:26:15-05:00,85.4
23787,awair-omni_16052,,,,undefined,70886b1238b9,,c0:98:e5:c0:00:38,,UVA,005 Olsson,http-awairlocal-publish,2021-11-30 13:26:25-05:00,85.3
23788,awair-omni_16052,,,,undefined,70886b1238b9,,c0:98:e5:c0:00:38,,UVA,005 Olsson,http-awairlocal-publish,2021-11-30 13:26:35-05:00,85.5
23789,awair-omni_16052,,,,undefined,70886b1238b9,,c0:98:e5:c0:00:38,,UVA,005 Olsson,http-awairlocal-publish,2021-11-30 13:26:45-05:00,85.3
23790,awair-omni_16052,,,,undefined,70886b1238b9,,c0:98:e5:c0:00:38,,UVA,005 Olsson,http-awairlocal-publish,2021-11-30 13:26:55-05:00,85.3
23791,awair-omni_16052,,,,undefined,70886b1238b9,,c0:98:e5:c0:00:38,,UVA,005 Olsson,http-awairlocal-publish,2021-11-30 13:27:05-05:00,85.1
23792,awair-omni_16052,,,,undefined,70886b1238b9,,c0:98:e5:c0:00:38,,UVA,005 Olsson,http-awairlocal-publish,2021-11-30 13:27:15-05:00,85.4
23793,awair-omni_16052,,,,undefined,70886b1238b9,,c0:98:e5:c0:00:38,,UVA,005 Olsson,http-awairlocal-publish,2021-11-30 13:27:25-05:00,85.3
23794,awair-omni_16052,,,,undefined,70886b1238b9,,c0:98:e5:c0:00:38,,UVA,005 Olsson,http-awairlocal-publish,2021-11-30 13:27:35-05:00,85.4
23795,awair-omni_16052,,,,undefined,70886b1238b9,,c0:98:e5:c0:00:38,,UVA,005 Olsson,http-awairlocal-publish,2021-11-30 13:27:45-05:00,85.0
23796,awair-omni_16052,,,,undefined,70886b1238b9,,c0:98:e5:c0:00:38,,UVA,005 Olsson,http-awairlocal-publish,2021-11-30 13:27:55-05:00,85.3
23797,awair-omni_16052,,,,undefined,70886b1238b9,,c0:98:e5:c0:00:38,,UVA,005 Olsson,http-awairlocal-publish,2021-11-30 13:28:05-05:00,85.3
23798,awair-omni_16052,,,,undefined,70886b1238b9,,c0:98:e5:c0:00:38,,UVA,005 Olsson,http-awairlocal-publish,2021-11-30 13:28:15-05:00,85.0
23799,awair-omni_16052,,,,undefined,70886b1238b9,,c0:98:e5:c0:00:38,,UVA,005 Olsson,http-awairlocal-publish,2021-11-30 13:28:25-05:00,85.5
23800,awair-omni_16052,,,,undefined,70886b1238b9,,c0:98:e5:c0:00:38,,UVA,005 Olsson,http-awairlocal-publish,2021-11-30 13:28:35-05:00,85.4
23801,awair-omni_16052,,,,undefined,70886b1238b9,,c0:98:e5:c0:00:38,,UVA,005 Olsson,http-awairlocal-publish,2021-11-30 13:28:45-05:00,85.0
23802,awair-omni_16052,,,,undefined,70886b1238b9,,c0:98:e5:c0:00:38,,UVA,005 Olsson,http-awairlocal-publish,2021-11-30 13:28:55-05:00,85.4
23803,awair-omni_16052,,,,undefined,70886b1238b9,,c0:98:e5:c0:00:38,,UVA,005 Olsson,http-awairlocal-publish,2021-11-30 13:29:05-05:00,85.0
23804,awair-omni_16052,,,,undefined,70886b1238b9,,c0:98:e5:c0:00:38,,UVA,005 Olsson,http-awairlocal-publish,2021-11-30 13:29:15-05:00,85.0
23805,awair-omni_16052,,,,undefined,70886b1238b9,,c0:98:e5:c0:00:38,,UVA,005 Olsson,http-awairlocal-publish,2021-11-30 13:29:25-05:00,85.0
23806,awair-omni_16052,,,,undefined,70886b1238b9,,c0:98:e5:c0:00:38,,UVA,005 Olsson,http-awairlocal-publish,2021-11-30 13:29:35-05:00,84.9
23807,awair-omni_16052,,,,undefined,70886b1238b9,,c0:98:e5:c0:00:38,,UVA,005 Olsson,http-awairlocal-publish,2021-11-30 13:29:45-05:00,85.0
23808,awair-omni_16052,,,,undefined,70886b1238b9,,c0:98:e5:c0:00:38,,UVA,005 Olsson,http-awairlocal-publish,2021-11-30 13:29:56-05:00,85.0
23809,awair-omni_16052,,,,undefined,70886b1238b9,,c0:98:e5:c0:00:38,,UVA,005 Olsson,http-awairlocal-publish,2021-11-30 13:30:06-05:00,85.3
23810,awair-omni_16052,,,,undefined,70886b1238b9,,c0:98:e5:c0:00:38,,UVA,005 Olsson,http-awairlocal-publish,2021-11-30 13:30:16-05:00,85.3
23811,awair-omni_16052,,,,undefined,70886b1238b9,,c0:98:e5:c0:00:38,,UVA,005 Olsson,http-awairlocal-publish,2021-11-30 13:30:26-05:00,85.3
23812,awair-omni_16052,,,,undefined,70886b1238b9,,c0:98:e5:c0:00:38,,UVA,005 Olsson,http-awairlocal-publish,2021-11-30 13:30:36-05:00,85.0
23813,awair-omni_16052,,,,undefined,70886b1238b9,,c0:98:e5:c0:00:38,,UVA,005 Olsson,http-awairlocal-publish,2021-11-30 13:30:46-05:00,84.9
23814,awair-omni_16052,,,,undefined,70886b1238b9,,c0:98:e5:c0:00:38,,UVA,005 Olsson,http-awairlocal-publish,2021-11-30 13:30:56-05:00,84.9
23815,awair-omni_16052,,,,undefined,70886b1238b9,,c0:98:e5:c0:00:38,,UVA,005 Olsson,http-awairlocal-publish,2021-11-30 13:31:06-05:00,84.8
23816,awair-omni_16052,,,,undefined,70886b1238b9,,c0:98:e5:c0:00:38,,UVA,005 Olsson,http-awairlocal-publish,2021-11-30 13:31:16-05:00,84.7
23817,awair-omni_16052,,,,undefined,70886b1238b9,,c0:98:e5:c0:00:38,,UVA,005 Olsson,http-awairlocal-publish,2021-11-30 13:31:26-05:00,85.0
23818,awair-omni_16052,,,,undefined,70886b1238b9,,c0:98:e5:c0:00:38,,UVA,005 Olsson,http-awairlocal-publish,2021-11-30 13:31:36-05:00,85.0
23819,awair-omni_16052,,,,undefined,70886b1238b9,,c0:98:e5:c0:00:38,,UVA,005 Olsson,http-awairlocal-publish,2021-11-30 13:31:46-05:00,85.1
23820,awair-omni_16052,,,,undefined,70886b1238b9,,c0:98:e5:c0:00:38,,UVA,005 Olsson,http-awairlocal-publish,2021-11-30 13:31:56-05:00,85.0
23821,awair-omni_16052,,,,undefined,70886b1238b9,,c0:98:e5:c0:00:38,,UVA,005 Olsson,http-awairlocal-publish,2021-11-30 13:32:06-05:00,85.0
23822,awair-omni_16052,,,,undefined,70886b1238b9,,c0:98:e5:c0:00:38,,UVA,005 Olsson,http-awairlocal-publish,2021-11-30 13:32:16-05:00,85.0
23823,awair-omni_16052,,,,undefined,70886b1238b9,,c0:98:e5:c0:00:38,,UVA,005 Olsson,http-awairlocal-publish,2021-11-30 13:32:26-05:00,85.0
23824,awair-omni_16052,,,,undefined,70886b1238b9,,c0:98:e5:c0:00:38,,UVA,005 Olsson,http-awairlocal-publish,2021-11-30 13:32:36-05:00,85.1
23825,awair-omni_16052,,,,undefined,70886b1238b9,,c0:98:e5:c0:00:38,,UVA,005 Olsson,http-awairlocal-publish,2021-11-30 13:32:46-05:00,85.0
23826,awair-omni_16052,,,,undefined,70886b1238b9,,c0:98:e5:c0:00:38,,UVA,005 Olsson,http-awairlocal-publish,2021-11-30 13:32:56-05:00,84.8
23827,awair-omni_16052,,,,undefined,70886b1238b9,,c0:98:e5:c0:00:38,,UVA,005 Olsson,http-awairlocal-publish,2021-11-30 13:33:06-05:00,84.9
23828,awair-omni_16052,,,,undefined,70886b1238b9,,c0:98:e5:c0:00:38,,UVA,005 Olsson,http-awairlocal-publish,2021-11-30 13:33:16-05:00,85.1
23829,awair-omni_16052,,,,undefined,70886b1238b9,,c0:98:e5:c0:00:38,,UVA,005 Olsson,http-awairlocal-publish,2021-11-30 13:33:26-05:00,85.0
23830,awair-omni_16052,,,,undefined,70886b1238b9,,c0:98:e5:c0:00:38,,UVA,005 Olsson,http-awairlocal-publish,2021-11-30 13:33:36-05:00,85.4
23831,awair-omni_16052,,,,undefined,70886b1238b9,,c0:98:e5:c0:00:38,,UVA,005 Olsson,http-awairlocal-publish,2021-11-30 13:33:46-05:00,85.4
23832,awair-omni_16052,,,,undefined,70886b1238b9,,c0:98:e5:c0:00:38,,UVA,005 Olsson,http-awairlocal-publish,2021-11-30 13:33:56-05:00,85.4
23833,awair-omni_16052,,,,undefined,70886b1238b9,,c0:98:e5:c0:00:38,,UVA,005 Olsson,http-awairlocal-publish,2021-11-30 13:34:06-05:00,85.4
23834,awair-omni_16052,,,,undefined,70886b1238b9,,c0:98:e5:c0:00:38,,UVA,005 Olsson,http-awairlocal-publish,2021-11-30 13:34:16-05:00,85.1
23835,awair-omni_16052,,,,undefined,70886b1238b9,,c0:98:e5:c0:00:38,,UVA,005 Olsson,http-awairlocal-publish,2021-11-30 13:34:26-05:00,81.7
23836,awair-omni_16052,,,,undefined,70886b1238b9,,c0:98:e5:c0:00:38,,UVA,005 Olsson,http-awairlocal-publish,2021-11-30 13:34:36-05:00,202.5
23837,awair-omni_16052,,,,undefined,70886b1238b9,,c0:98:e5:c0:00:38,,UVA,005 Olsson,http-awairlocal-publish,2021-11-30 13:34:46-05:00,205.1
23838,awair-omni_16052,,,,undefined,70886b1238b9,,c0:98:e5:c0:00:38,,UVA,005 Olsson,http-awairlocal-publish,2021-11-30 13:34:56-05:00,209.9
23839,awair-omni_16052,,,,undefined,70886b1238b9,,c0:98:e5:c0:00:38,,UVA,005 Olsson,http-awairlocal-publish,2021-11-30 13:35:06-05:00,214.4
23840,awair-omni_16052,,,,undefined,70886b1238b9,,c0:98:e5:c0:00:38,,UVA,005 Olsson,http-awairlocal-publish,2021-11-30 13:35:17-05:00,217.9
23841,awair-omni_16052,,,,undefined,70886b1238b9,,c0:98:e5:c0:00:38,,UVA,005 Olsson,http-awairlocal-publish,2021-11-30 13:35:27-05:00,221.1
23842,awair-omni_16052,,,,undefined,70886b1238b9,,c0:98:e5:c0:00:38,,UVA,005 Olsson,http-awairlocal-publish,2021-11-30 13:35:37-05:00,223.8
23843,awair-omni_16052,,,,undefined,70886b1238b9,,c0:98:e5:c0:00:38,,UVA,005 Olsson,http-awairlocal-publish,2021-11-30 13:35:47-05:00,226.0
23844,awair-omni_16052,,,,undefined,70886b1238b9,,c0:98:e5:c0:00:38,,UVA,005 Olsson,http-awairlocal-publish,2021-11-30 13:35:57-05:00,227.5
23845,awair-omni_16052,,,,undefined,70886b1238b9,,c0:98:e5:c0:00:38,,UVA,005 Olsson,http-awairlocal-publish,2021-11-30 13:36:07-05:00,228.9
23846,awair-omni_16052,,,,undefined,70886b1238b9,,c0:98:e5:c0:00:38,,UVA,005 Olsson,http-awairlocal-publish,2021-11-30 13:36:17-05:00,230.2
23847,awair-omni_16052,,,,undefined,70886b1238b9,,c0:98:e5:c0:00:38,,UVA,005 Olsson,http-awairlocal-publish,2021-11-30 13:36:27-05:00,230.9
23848,awair-omni_16052,,,,undefined,70886b1238b9,,c0:98:e5:c0:00:38,,UVA,005 Olsson,http-awairlocal-publish,2021-11-30 13:36:37-05:00,230.8
23849,awair-omni_16052,,,,undefined,70886b1238b9,,c0:98:e5:c0:00:38,,UVA,005 Olsson,http-awairlocal-publish,2021-11-30 13:36:47-05:00,231.5
23850,awair-omni_16052,,,,undefined,70886b1238b9,,c0:98:e5:c0:00:38,,UVA,005 Olsson,http-awairlocal-publish,2021-11-30 13:36:57-05:00,232.1
23851,awair-omni_16052,,,,undefined,70886b1238b9,,c0:98:e5:c0:00:38,,UVA,005 Olsson,http-awairlocal-publish,2021-11-30 13:37:07-05:00,232.7
23852,awair-omni_16052,,,,undefined,70886b1238b9,,c0:98:e5:c0:00:38,,UVA,005 Olsson,http-awairlocal-publish,2021-11-30 13:37:17-05:00,232.9
23853,awair-omni_16052,,,,undefined,70886b1238b9,,c0:98:e5:c0:00:38,,UVA,005 Olsson,http-awairlocal-publish,2021-11-30 13:37:27-05:00,233.1
23854,awair-omni_16052,,,,undefined,70886b1238b9,,c0:98:e5:c0:00:38,,UVA,005 Olsson,http-awairlocal-publish,2021-11-30 13:37:37-05:00,233.2
23855,awair-omni_16052,,,,undefined,70886b1238b9,,c0:98:e5:c0:00:38,,UVA,005 Olsson,http-awairlocal-publish,2021-11-30 13:37:47-05:00,233.2
23856,awair-omni_16052,,,,undefined,70886b1238b9,,c0:98:e5:c0:00:38,,UVA,005 Olsson,http-awairlocal-publish,2021-11-30 13:37:57-05:00,233.2
23857,awair-omni_16052,,,,undefined,70886b1238b9,,c0:98:e5:c0:00:38,,UVA,005 Olsson,http-awairlocal-publish,2021-11-30 13:38:07-05:00,233.1
23858,awair-omni_16052,,,,undefined,70886b1238b9,,c0:98:e5:c0:00:38,,UVA,005 Olsson,http-awairlocal-publish,2021-11-30 13:38:17-05:00,233.1
23859,awair-omni_16052,,,,undefined,70886b1238b9,,c0:98:e5:c0:00:38,,UVA,005 Olsson,http-awairlocal-publish,2021-11-30 13:38:27-05:00,233.1
23860,awair-omni_16052,,,,undefined,70886b1238b9,,c0:98:e5:c0:00:38,,UVA,005 Olsson,http-awairlocal-publish,2021-11-30 13:38:37-05:00,233.3
23861,awair-omni_16052,,,,undefined,70886b1238b9,,c0:98:e5:c0:00:38,,UVA,005 Olsson,http-awairlocal-publish,2021-11-30 13:38:47-05:00,233.2
23862,awair-omni_16052,,,,undefined,70886b1238b9,,c0:98:e5:c0:00:38,,UVA,005 Olsson,http-awairlocal-publish,2021-11-30 13:38:57-05:00,233.2
23863,awair-omni_16052,,,,undefined,70886b1238b9,,c0:98:e5:c0:00:38,,UVA,005 Olsson,http-awairlocal-publish,2021-11-30 13:39:07-05:00,233.5
23864,awair-omni_16052,,,,undefined,70886b1238b9,,c0:98:e5:c0:00:38,,UVA,005 Olsson,http-awairlocal-publish,2021-11-30 13:39:17-05:00,233.4
23865,awair-omni_16052,,,,undefined,70886b1238b9,,c0:98:e5:c0:00:38,,UVA,005 Olsson,http-awairlocal-publish,2021-11-30 13:39:27-05:00,233.2
23866,awair-omni_16052,,,,undefined,70886b1238b9,,c0:98:e5:c0:00:38,,UVA,005 Olsson,http-awairlocal-publish,2021-11-30 13:39:37-05:00,233.4
23867,awair-omni_16052,,,,undefined,70886b1238b9,,c0:98:e5:c0:00:38,,UVA,005 Olsson,http-awairlocal-publish,2021-11-30 13:39:47-05:00,233.5
23868,awair-omni_16052,,,,undefined,70886b1238b9,,c0:98:e5:c0:00:38,,UVA,005 Olsson,http-awairlocal-publish,2021-11-30 13:39:57-05:00,233.3
23869,awair-omni_16052,,,,undefined,70886b1238b9,,c0:98:e5:c0:00:38,,UVA,005 Olsson,http-awairlocal-publish,2021-11-30 13:40:07-05:00,233.2
23870,awair-omni_16052,,,,undefined,70886b1238b9,,c0:98:e5:c0:00:38,,UVA,005 Olsson,http-awairlocal-publish,2021-11-30 13:40:17-05:00,232.8
23871,awair-omni_16052,,,,undefined,70886b1238b9,,c0:98:e5:c0:00:38,,UVA,005 Olsson,http-awairlocal-publish,2021-11-30 13:40:27-05:00,233.3
23872,awair-omni_16052,,,,undefined,70886b1238b9,,c0:98:e5:c0:00:38,,UVA,005 Olsson,http-awairlocal-publish,2021-11-30 13:40:37-05:00,232.9
23873,awair-omni_16052,,,,undefined,70886b1238b9,,c0:98:e5:c0:00:38,,UVA,005 Olsson,http-awairlocal-publish,2021-11-30 13:40:47-05:00,232.8
23874,awair-omni_16052,,,,undefined,70886b1238b9,,c0:98:e5:c0:00:38,,UVA,005 Olsson,http-awairlocal-publish,2021-11-30 13:40:58-05:00,232.5
23875,awair-omni_16052,,,,undefined,70886b1238b9,,c0:98:e5:c0:00:38,,UVA,005 Olsson,http-awairlocal-publish,2021-11-30 13:41:08-05:00,232.2
23876,awair-omni_16052,,,,undefined,70886b1238b9,,c0:98:e5:c0:00:38,,UVA,005 Olsson,http-awairlocal-publish,2021-11-30 13:41:18-05:00,232.1
23877,awair-omni_16052,,,,undefined,70886b1238b9,,c0:98:e5:c0:00:38,,UVA,005 Olsson,http-awairlocal-publish,2021-11-30 13:41:28-05:00,232.2
23878,awair-omni_16052,,,,undefined,70886b1238b9,,c0:98:e5:c0:00:38,,UVA,005 Olsson,http-awairlocal-publish,2021-11-30 13:41:38-05:00,232.2
23879,awair-omni_16052,,,,undefined,70886b1238b9,,c0:98:e5:c0:00:38,,UVA,005 Olsson,http-awairlocal-publish,2021-11-30 13:41:48-05:00,232.5
23880,awair-omni_16052,,,,undefined,70886b1238b9,,c0:98:e5:c0:00:38,,UVA,005 Olsson,http-awairlocal-publish,2021-11-30 13:41:58-05:00,232.5
23881,awair-omni_16052,,,,undefined,70886b1238b9,,c0:98:e5:c0:00:38,,UVA,005 Olsson,http-awairlocal-publish,2021-11-30 13:42:08-05:00,232.6
23882,awair-omni_16052,,,,undefined,70886b1238b9,,c0:98:e5:c0:00:38,,UVA,005 Olsson,http-awairlocal-publish,2021-11-30 13:42:18-05:00,232.3
23883,awair-omni_16052,,,,undefined,70886b1238b9,,c0:98:e5:c0:00:38,,UVA,005 Olsson,http-awairlocal-publish,2021-11-30 13:42:28-05:00,232.3
23884,awair-omni_16052,,,,undefined,70886b1238b9,,c0:98:e5:c0:00:38,,UVA,005 Olsson,http-awairlocal-publish,2021-11-30 13:42:38-05:00,231.9
23885,awair-omni_16052,,,,undefined,70886b1238b9,,c0:98:e5:c0:00:38,,UVA,005 Olsson,http-awairlocal-publish,2021-11-30 13:42:48-05:00,232.1
23886,awair-omni_16052,,,,undefined,70886b1238b9,,c0:98:e5:c0:00:38,,UVA,005 Olsson,http-awairlocal-publish,2021-11-30 13:42:58-05:00,232.8
23887,awair-omni_16052,,,,undefined,70886b1238b9,,c0:98:e5:c0:00:38,,UVA,005 Olsson,http-awairlocal-publish,2021-11-30 13:43:08-05:00,233.2
23888,awair-omni_16052,,,,undefined,70886b1238b9,,c0:98:e5:c0:00:38,,UVA,005 Olsson,http-awairlocal-publish,2021-11-30 13:43:18-05:00,232.6
23889,awair-omni_16052,,,,undefined,70886b1238b9,,c0:98:e5:c0:00:38,,UVA,005 Olsson,http-awairlocal-publish,2021-11-30 13:43:28-05:00,232.6
23890,awair-omni_16052,,,,undefined,70886b1238b9,,c0:98:e5:c0:00:38,,UVA,005 Olsson,http-awairlocal-publish,2021-11-30 13:43:38-05:00,232.5
23891,awair-omni_16052,,,,undefined,70886b1238b9,,c0:98:e5:c0:00:38,,UVA,005 Olsson,http-awairlocal-publish,2021-11-30 13:43:48-05:00,232.5
23892,awair-omni_16052,,,,undefined,70886b1238b9,,c0:98:e5:c0:00:38,,UVA,005 Olsson,http-awairlocal-publish,2021-11-30 13:43:58-05:00,233.2
23893,awair-omni_16052,,,,undefined,70886b1238b9,,c0:98:e5:c0:00:38,,UVA,005 Olsson,http-awairlocal-publish,2021-11-30 13:44:08-05:00,232.5
23894,awair-omni_16052,,,,undefined,70886b1238b9,,c0:98:e5:c0:00:38,,UVA,005 Olsson,http-awairlocal-publish,2021-11-30 13:44:18-05:00,232.8
23895,awair-omni_16052,,,,undefined,70886b1238b9,,c0:98:e5:c0:00:38,,UVA,005 Olsson,http-awairlocal-publish,2021-11-30 13:44:28-05:00,232.7
23896,awair-omni_16052,,,,undefined,70886b1238b9,,c0:98:e5:c0:00:38,,UVA,005 Olsson,http-awairlocal-publish,2021-11-30 13:44:38-05:00,231.9
23897,awair-omni_16052,,,,undefined,70886b1238b9,,c0:98:e5:c0:00:38,,UVA,005 Olsson,http-awairlocal-publish,2021-11-30 13:44:48-05:00,232.5
23898,awair-omni_16052,,,,undefined,70886b1238b9,,c0:98:e5:c0:00:38,,UVA,005 Olsson,http-awairlocal-publish,2021-11-30 13:44:58-05:00,232.7
23899,awair-omni_16052,,,,undefined,70886b1238b9,,c0:98:e5:c0:00:38,,UVA,005 Olsson,http-awairlocal-publish,2021-11-30 13:45:08-05:00,232.5
23900,awair-omni_16052,,,,undefined,70886b1238b9,,c0:98:e5:c0:00:38,,UVA,005 Olsson,http-awairlocal-publish,2021-11-30 13:45:18-05:00,232.6
23901,awair-omni_16052,,,,undefined,70886b1238b9,,c0:98:e5:c0:00:38,,UVA,005 Olsson,http-awairlocal-publish,2021-11-30 13:45:28-05:00,232.5
23902,awair-omni_16052,,,,undefined,70886b1238b9,,c0:98:e5:c0:00:38,,UVA,005 Olsson,http-awairlocal-publish,2021-11-30 13:45:38-05:00,232.3
23903,awair-omni_16052,,,,undefined,70886b1238b9,,c0:98:e5:c0:00:38,,UVA,005 Olsson,http-awairlocal-publish,2021-11-30 13:45:48-05:00,232.2
23904,awair-omni_16052,,,,undefined,70886b1238b9,,c0:98:e5:c0:00:38,,UVA,005 Olsson,http-awairlocal-publish,2021-11-30 13:45:58-05:00,232.5
23905,awair-omni_16052,,,,undefined,70886b1238b9,,c0:98:e5:c0:00:38,,UVA,005 Olsson,http-awairlocal-publish,2021-11-30 13:46:09-05:00,232.2
23906,awair-omni_16052,,,,undefined,70886b1238b9,,c0:98:e5:c0:00:38,,UVA,005 Olsson,http-awairlocal-publish,2021-11-30 13:46:19-05:00,232.8
23907,awair-omni_16052,,,,undefined,70886b1238b9,,c0:98:e5:c0:00:38,,UVA,005 Olsson,http-awairlocal-publish,2021-11-30 13:46:29-05:00,233.1
23908,awair-omni_16052,,,,undefined,70886b1238b9,,c0:98:e5:c0:00:38,,UVA,005 Olsson,http-awairlocal-publish,2021-11-30 13:46:39-05:00,232.5
23909,awair-omni_16052,,,,undefined,70886b1238b9,,c0:98:e5:c0:00:38,,UVA,005 Olsson,http-awairlocal-publish,2021-11-30 13:46:49-05:00,232.2
23910,awair-omni_16052,,,,undefined,70886b1238b9,,c0:98:e5:c0:00:38,,UVA,005 Olsson,http-awairlocal-publish,2021-11-30 13:46:59-05:00,232.2
23911,awair-omni_16052,,,,undefined,70886b1238b9,,c0:98:e5:c0:00:38,,UVA,005 Olsson,http-awairlocal-publish,2021-11-30 13:47:09-05:00,231.9
23912,awair-omni_16052,,,,undefined,70886b1238b9,,c0:98:e5:c0:00:38,,UVA,005 Olsson,http-awairlocal-publish,2021-11-30 13:47:19-05:00,232.2
23913,awair-omni_16052,,,,undefined,70886b1238b9,,c0:98:e5:c0:00:38,,UVA,005 Olsson,http-awairlocal-publish,2021-11-30 13:47:29-05:00,231.8
23914,awair-omni_16052,,,,undefined,70886b1238b9,,c0:98:e5:c0:00:38,,UVA,005 Olsson,http-awairlocal-publish,2021-11-30 13:47:39-05:00,232.3
23915,awair-omni_16052,,,,undefined,70886b1238b9,,c0:98:e5:c0:00:38,,UVA,005 Olsson,http-awairlocal-publish,2021-11-30 13:47:49-05:00,232.2
23916,awair-omni_16052,,,,undefined,70886b1238b9,,c0:98:e5:c0:00:38,,UVA,005 Olsson,http-awairlocal-publish,2021-11-30 13:47:59-05:00,232.0
23917,awair-omni_16052,,,,undefined,70886b1238b9,,c0:98:e5:c0:00:38,,UVA,005 Olsson,http-awairlocal-publish,2021-11-30 13:48:09-05:00,232.2
23918,awair-omni_16052,,,,undefined,70886b1238b9,,c0:98:e5:c0:00:38,,UVA,005 Olsson,http-awairlocal-publish,2021-11-30 13:48:19-05:00,232.1
23919,awair-omni_16052,,,,undefined,70886b1238b9,,c0:98:e5:c0:00:38,,UVA,005 Olsson,http-awairlocal-publish,2021-11-30 13:48:29-05:00,232.0
23920,awair-omni_16052,,,,undefined,70886b1238b9,,c0:98:e5:c0:00:38,,UVA,005 Olsson,http-awairlocal-publish,2021-11-30 13:48:39-05:00,232.0
23921,awair-omni_16052,,,,undefined,70886b1238b9,,c0:98:e5:c0:00:38,,UVA,005 Olsson,http-awairlocal-publish,2021-11-30 13:48:49-05:00,231.9
23922,awair-omni_16052,,,,undefined,70886b1238b9,,c0:98:e5:c0:00:38,,UVA,005 Olsson,http-awairlocal-publish,2021-11-30 13:48:59-05:00,231.8
23923,awair-omni_16052,,,,undefined,70886b1238b9,,c0:98:e5:c0:00:38,,UVA,005 Olsson,http-awairlocal-publish,2021-11-30 13:49:09-05:00,231.9
23924,awair-omni_16052,,,,undefined,70886b1238b9,,c0:98:e5:c0:00:38,,UVA,005 Olsson,http-awairlocal-publish,2021-11-30 13:49:19-05:00,231.8
23925,awair-omni_16052,,,,undefined,70886b1238b9,,c0:98:e5:c0:00:38,,UVA,005 Olsson,http-awairlocal-publish,2021-11-30 13:49:29-05:00,231.9
23926,awair-omni_16052,,,,undefined,70886b1238b9,,c0:98:e5:c0:00:38,,UVA,005 Olsson,http-awairlocal-publish,2021-11-30 13:49:39-05:00,231.6
23927,awair-omni_16052,,,,undefined,70886b1238b9,,c0:98:e5:c0:00:38,,UVA,005 Olsson,http-awairlocal-publish,2021-11-30 13:49:49-05:00,231.8
23928,awair-omni_16052,,,,undefined,70886b1238b9,,c0:98:e5:c0:00:38,,UVA,005 Olsson,http-awairlocal-publish,2021-11-30 13:49:59-05:00,231.9
